/*
SQLyog Ultimate v12.3.1 (64 bit)
MySQL - 5.6.49-log : Database - filecollect
*********************************************************************
*/

/*!40101 SET NAMES utf8 */;

/*!40101 SET SQL_MODE=''*/;

/*!40014 SET @OLD_UNIQUE_CHECKS=@@UNIQUE_CHECKS, UNIQUE_CHECKS=0 */;
/*!40014 SET @OLD_FOREIGN_KEY_CHECKS=@@FOREIGN_KEY_CHECKS, FOREIGN_KEY_CHECKS=0 */;
/*!40101 SET @OLD_SQL_MODE=@@SQL_MODE, SQL_MODE='NO_AUTO_VALUE_ON_ZERO' */;
/*!40111 SET @OLD_SQL_NOTES=@@SQL_NOTES, SQL_NOTES=0 */;
CREATE DATABASE /*!32312 IF NOT EXISTS*/`filecollect` /*!40100 DEFAULT CHARACTER SET utf8mb4 */;

USE `filecollect`;

/*Table structure for table `attachments` */

DROP TABLE IF EXISTS `attachments`;

CREATE TABLE `attachments` (
  `id` int(10) unsigned NOT NULL AUTO_INCREMENT,
  `record_id` int(11) NOT NULL,
  `name` varchar(255) COLLATE utf8mb4_unicode_ci NOT NULL,
  `size` int(11) NOT NULL,
  `created_at` timestamp NULL DEFAULT NULL,
  `updated_at` timestamp NULL DEFAULT NULL,
  `deleted_at` timestamp NULL DEFAULT NULL,
  PRIMARY KEY (`id`)
) ENGINE=InnoDB AUTO_INCREMENT=806 DEFAULT CHARSET=utf8mb4 COLLATE=utf8mb4_unicode_ci;

/*Data for the table `attachments` */

insert  into `attachments`(`id`,`record_id`,`name`,`size`,`created_at`,`updated_at`,`deleted_at`) values 
(1,1,'XiFHTlnmkD0x86bPBxMeYgDpahdsSR3C.png',8154,'2020-05-21 10:04:49','2020-05-23 13:24:56','2020-05-23 13:24:56'),
(2,2,'RCfshDvv5WWTSSAmRzRYniTn5Ty6wUJ0.png',8154,'2020-05-21 10:04:57','2020-05-21 10:04:57',NULL),
(3,3,'gdM1b6titC6r9xhIynsDXCS6Keim6cMf.png',100689,'2020-05-25 17:17:20','2020-05-25 17:17:20',NULL),
(4,4,'OqPXdfeh29pdkoIsjGCkMogMoTLlLj12.jpg',22872,'2020-05-25 22:52:29','2020-05-25 22:52:29',NULL),
(5,5,'mDE1MintFX2H8F75y9aA1zoswioSFcds.jpg',27521,'2020-05-25 23:00:27','2020-05-25 23:00:27',NULL),
(6,6,'4dR1S1NInbcDsnYUKB2oG0lbE3rAtohX.jpg',54949,'2020-05-26 10:24:59','2020-05-26 10:26:27','2020-05-26 10:26:27'),
(7,7,'S7GEkPnrMas8CRS0F7j3wvL69DnoicVu.jpg',98458,'2020-05-26 10:26:20','2020-05-26 10:26:20',NULL),
(8,6,'JySzhhMubsWvZzOMzAnccTs6271hsa7Z.jpg',24255,'2020-05-26 10:26:27','2020-05-26 10:26:27',NULL),
(9,8,'qUcLTECsrE58pSfBtIrDjHvu4Py0MY5z.png',135292,'2020-05-26 10:27:00','2020-05-26 10:27:00',NULL),
(10,9,'UxvOcB5X54a0hz3LrhDrPCTNY2wMdPCH.jpeg',32091,'2020-05-26 10:27:09','2020-05-26 10:27:09',NULL),
(11,10,'l5e61BxOvGOdYuOs4QJPEevoqDGAETVs.jpg',56163,'2020-05-26 10:34:04','2020-05-26 10:34:04',NULL),
(12,11,'qtt5vvwiRKTcIMVd9R8i5Gm5Ujsnk3u1.jpg',56650,'2020-05-26 10:34:10','2020-05-26 10:34:10',NULL),
(13,12,'PeWv5XCGEiSMpg9M1WcwfDzUoqsRjmfO.jpg',58390,'2020-05-26 10:34:26','2020-05-26 10:34:26',NULL),
(14,13,'8N6KGS4wEulyH1iiWNU530vtbJfUwCAY.jpg',55304,'2020-05-26 10:34:37','2020-05-26 10:34:37',NULL),
(15,14,'IpcVD4PG6cEcmw8DXfKjWJjBGO7mx4RI.jpg',31140,'2020-05-26 10:35:26','2020-05-26 10:35:26',NULL),
(16,15,'nwXRef4qIRRGrqJGxXgi58H2QdlaFplJ.jpg',32918,'2020-05-26 10:36:38','2020-05-26 10:36:38',NULL),
(17,16,'xM1ZCzMD2dsZRfe9VtAURCyyFfzwYCur.png',95575,'2020-05-26 10:38:12','2020-09-16 11:53:44','2020-09-16 11:53:44'),
(18,17,'zIzu3XDJRIYdXI9VU7vVcBwvbNRZRaXl.jpg',211279,'2020-05-26 10:41:10','2020-05-26 10:41:10',NULL),
(19,18,'Dck1cHD6TNKOpaVBesyPyUEv8KZLZRqG.jpg',109658,'2020-05-26 10:44:57','2020-05-26 10:44:57',NULL),
(20,19,'iAFKPBlRpVX8tuLY7RK44oi06X2cvZGN.png',157861,'2020-05-26 10:45:37','2020-05-26 10:45:37',NULL),
(21,20,'es3r4HE1xQcDKCaeKP0mcLGCCatQvue6.jpg',32565,'2020-05-26 10:46:03','2020-05-26 10:46:03',NULL),
(22,21,'0XmgTueNj5HWmzneCcWcqSYCqM5n8ypm.png',127286,'2020-05-26 10:47:28','2020-05-26 10:47:28',NULL),
(23,22,'b0NLLGkjSMR9XBErVwmAXvFTa397iYLb.jpg',24916,'2020-05-26 10:47:53','2020-05-26 10:47:53',NULL),
(24,23,'yHxDyxXXXnADuRBwsMGAievdoo2KpkH2.jpg',53794,'2020-05-26 10:48:25','2020-05-26 10:48:25',NULL),
(25,24,'GLaOAshUmagqqcVWnfsRZSLAI1OhbFK7.jpg',49434,'2020-05-26 10:51:40','2020-05-26 10:51:40',NULL),
(26,25,'V0UILXPO5VKwKan6E9XdXA6R6yqLqaQX.png',159343,'2020-05-26 10:52:37','2020-05-26 10:52:37',NULL),
(27,26,'k8UG8gnLYocEJqM37XDPdUo64sGlj8px.jpg',31309,'2020-05-26 10:54:48','2020-05-26 10:54:48',NULL),
(28,27,'mRtUw0mW0Vm3NNBCPSMUyKUNlfhysPkp.jpeg',69721,'2020-05-26 11:48:36','2020-05-26 11:48:36',NULL),
(29,28,'77oeJmfVW6eAVA6kpzfLiRYfVvDD6RSC.jpg',52239,'2020-05-26 14:07:02','2020-05-26 14:07:02',NULL),
(30,29,'LPJ9RAQe9bML7ttI5ZOSQqjxJifHUu4Q.jpg',62472,'2020-05-26 17:13:03','2020-05-26 17:13:03',NULL),
(31,30,'Im2rFqLO6KtJjij5qIGHDq8BThTHpHtK.png',118727,'2020-05-26 17:23:47','2020-05-26 17:23:47',NULL),
(32,31,'ZPwiKDUT9a1oRA4pQq0AECZhJkWtuZE0.jpg',58455,'2020-05-26 17:35:14','2020-05-26 17:35:14',NULL),
(33,32,'n6cHSa391Z6st6gnd58nLLxlPm8YPeRh.jpg',74163,'2020-05-26 18:14:44','2020-05-26 18:14:44',NULL),
(34,33,'qM9f777s109p3w6f29vtuxUGy6mkBPPW.jpg',29013,'2020-05-26 18:36:45','2020-05-26 18:36:45',NULL),
(35,34,'SvL8GKScSo6HsuYoj4iHB4ryOM7hTDyA.png',85840,'2020-05-26 19:10:50','2020-05-26 19:10:50',NULL),
(36,35,'ZZeOIo5ryzYc41rt8bK6gSFafrei4xU5.jpg',53499,'2020-05-26 19:11:07','2020-05-26 19:11:07',NULL),
(37,36,'LOVT9WHvtrrpxj00f8I0K1kufFfTF8uB.jpg',60931,'2020-05-26 20:10:45','2020-05-26 20:10:45',NULL),
(38,37,'teqrB9bOSuqjjjvS7lfLtivenWKpermv.jpg',28888,'2020-05-26 20:53:13','2020-05-26 20:53:13',NULL),
(39,38,'t2sUYS07kQYnHeJBaR44sN7e7V4rE2Fc.png',99620,'2020-05-26 21:11:22','2020-05-26 21:11:22',NULL),
(40,39,'AiJooOPGVTmXsjqGnwmBi7X85QWtefbk.jpg',55095,'2020-05-26 21:28:38','2020-05-26 21:28:38',NULL),
(41,40,'RjyzQFWGqmNPaKUxqFQUkFdgt58Qd26U.png',112869,'2020-05-26 21:35:11','2020-05-26 21:35:11',NULL),
(42,41,'biqufBOkcV42rTFDOa67WvixQWmVd98R.jpg',111876,'2020-05-26 21:42:34','2020-05-26 21:42:34',NULL),
(43,42,'gdVl7aXaZS2VHnavU01uOmuvnbqLZucL.jpg',56255,'2020-05-26 21:43:11','2020-05-26 21:43:11',NULL),
(44,43,'rK4qdExYPWnos9QheDo4e96IG91kfUBh.jpg',33258,'2020-05-26 21:45:23','2020-05-26 21:45:23',NULL),
(45,44,'wHHDTz78lUS68A6KnGbbJZlkmfVheyKM.jpeg',36221,'2020-05-26 22:50:39','2020-05-26 22:50:39',NULL),
(46,45,'NGAV1Dss6Zl5QDE2msKo38FUnsfiPSdq.mp3',5983547,'2020-05-28 11:29:29','2020-05-28 11:29:29',NULL),
(47,46,'LJggX9rLyUYVnopc9vIbUuZbreQxEMJM.php3',35,'2020-05-28 11:30:34','2020-05-28 11:30:34',NULL),
(48,47,'JhR3w6m1l97gx5Zcjh8MAmWQzJj6YbzL.dll',433440,'2020-05-28 11:30:57','2020-05-28 11:30:57',NULL),
(49,48,'MCWuvDNOVZvF4sMh9VUP9ADAH8ACb0WH.jpg',13994,'2020-06-02 12:28:35','2020-06-02 12:28:35',NULL),
(50,49,'UlIcayKrcwT3JvWvP2T8yoE8smwtzYkF.png',136345,'2020-06-02 12:30:46','2020-06-02 12:30:46',NULL),
(51,50,'PVqAKL5PMmlTGSZXMxn4eafy6aQ6MvJc.jpg',23728,'2020-06-02 12:31:12','2020-06-02 12:31:12',NULL),
(52,51,'cxD6XyPNTTEoMzfa6AVvOIzO58ZMmvsg.png',168414,'2020-06-02 12:31:57','2020-06-02 12:31:57',NULL),
(53,52,'CAGaYbb1r2s5vLAm9nqejT1D5iIGLOxu.jpg',54479,'2020-06-02 12:33:08','2020-06-02 12:33:08',NULL),
(54,53,'h5YLD8d8NPbWr8VPhVmRFpAj5bwhIc2x.jpg',30180,'2020-06-02 12:34:58','2020-06-02 12:34:58',NULL),
(55,54,'D1tuvRnaluRdKSOkHrpDanqun3PlMsaW.png',102451,'2020-06-02 12:35:04','2020-06-02 12:35:04',NULL),
(56,55,'ThgOaF9qcsioKZGwf7MRSMYclTiX5NHs.png',140927,'2020-06-02 12:45:01','2020-06-02 12:45:01',NULL),
(57,56,'V9IYFKei3WhVF5t8h60Pcmr6I6Yqhclu.jpeg',34649,'2020-06-02 12:45:16','2020-06-02 12:45:16',NULL),
(58,57,'VoFsnYE90OmDvJP8t01Y5LnRr6jrkVVE.png',96475,'2020-06-02 12:45:51','2020-06-02 12:45:51',NULL),
(59,58,'eXHhen2wRXggAysmcE6VBbVx2eCpVTrw.jpg',56126,'2020-06-02 12:59:05','2020-06-02 12:59:05',NULL),
(60,59,'vDAOw0R6nG7TYS85zCXMaG2wvY0fmi0m.jpg',238093,'2020-06-02 13:10:44','2020-06-02 13:10:44',NULL),
(61,60,'FQBDX6uwCrrOP9O1DXVkFIArBNECBKPP.jpg',53552,'2020-06-02 13:33:11','2020-06-02 13:33:11',NULL),
(62,61,'JUHOpIgzFZh7tpaCpJj7Hxho1XUZ6d68.jpg',54414,'2020-06-02 13:44:23','2020-06-02 13:44:23',NULL),
(63,62,'I03MrZwWPBhYezI3SCKYuKT2JqCtyTOY.png',165434,'2020-06-02 14:09:28','2020-06-02 14:09:28',NULL),
(64,63,'TReem9CnQoYNX4hcvSoydcnG6hw3Yevn.jpg',32072,'2020-06-02 15:05:31','2020-06-02 15:05:31',NULL),
(65,64,'u1KsHTSJVIiCGMlCvs5AAUoNS7mamdo0.png',128020,'2020-06-02 15:05:52','2020-06-02 15:05:52',NULL),
(66,65,'jcKiOztSr0CZTEWWUKkE4no34hIjXlfa.jpg',41328,'2020-06-02 15:17:23','2020-06-02 15:17:23',NULL),
(67,66,'zsQ3MiHQlaihNZjKODcT2cwtWLvroJsH.jpg',50028,'2020-06-02 16:19:12','2020-06-02 16:19:12',NULL),
(68,67,'oGvtJ4Brm0xgvsyOIu0bt5C1niyIIrrN.jpg',26999,'2020-06-02 16:27:23','2020-06-02 16:27:23',NULL),
(69,68,'J58S27lYyLXTl5vAiYsvCCXDayQozu0z.jpg',36443,'2020-06-02 16:29:38','2020-06-02 16:29:38',NULL),
(70,69,'w75j8kRMqTHzRnna7faOL2tDa8KsxDer.jpg',54648,'2020-06-02 16:41:00','2020-06-02 16:41:00',NULL),
(71,70,'XlYqwZQgVh0lXuTJ2GipSslZnQpgmqYc.jpg',54397,'2020-06-02 16:41:12','2020-06-02 16:41:12',NULL),
(72,71,'Or9HnJfJ71mUh4GccPujKgPiOQ17jis2.png',315613,'2020-06-02 16:55:44','2020-06-02 16:55:44',NULL),
(73,72,'unRVQsIYI1LNMfont3KDS3CRb1rGHEjD.png',102160,'2020-06-02 17:37:28','2020-06-02 17:37:28',NULL),
(74,73,'RFVWVKlxTruAvYiMF7pe4m0jRjDHlckB.jpg',35486,'2020-06-02 17:54:22','2020-06-02 17:54:22',NULL),
(75,74,'lIIIi6ewxeWqMB8jwwsPZe2fucMUmo0X.jpg',41261,'2020-06-02 18:50:46','2020-06-02 18:50:46',NULL),
(76,75,'8wJuy69Ey3szfhkqJfHaX4rwXaGybz1B.jpg',60171,'2020-06-02 18:51:54','2020-06-02 18:51:58','2020-06-02 18:51:58'),
(77,75,'aaDkeDr16xeRGooI28YbcKUecBJkwnzI.jpg',60171,'2020-06-02 18:51:58','2020-06-02 18:51:58',NULL),
(78,76,'ZU3NMqxQ2gWLIdpY5iAkcfek04TbfOKK.jpg',25458,'2020-06-02 19:18:49','2020-06-02 19:18:49',NULL),
(79,77,'AcXeP8GK2DRhqp3my8biKZYQgfs0BAQc.jpg',127088,'2020-06-02 20:03:14','2020-06-02 20:03:14',NULL),
(80,78,'3OWJlN6GHulWpO2XoRDBSGSov3GtjgXe.jpg',55069,'2020-06-02 20:09:26','2020-06-02 20:09:26',NULL),
(81,79,'B4Bw4MDPYUD6BPnWl9ZI5HC81lSljjIB.jpeg',67843,'2020-06-02 21:08:11','2020-06-02 21:08:11',NULL),
(82,80,'FFmpnJyATehAHC3rP4jOQQWaiHX5QqWj.jpg',57960,'2020-06-02 21:27:57','2020-06-02 21:27:57',NULL),
(83,81,'whmMNaz1d4guBhGHRLssc63DCNKc2Dhf.jpg',28206,'2020-06-02 21:31:49','2020-06-02 21:31:49',NULL),
(84,82,'ZybEdeGzKD58IngNeO7jsZ5qOeOsEt8g.jpeg',30837,'2020-06-02 21:34:45','2020-06-02 21:34:45',NULL),
(85,83,'mFY09n5xPVUgEsz17zUd2SVi81RDRkr1.jpg',28795,'2020-06-02 21:47:46','2020-06-02 21:47:46',NULL),
(86,84,'TY51szEYPDREidyrdCGYkB2orXNFqquk.jpg',58718,'2020-06-02 22:01:20','2020-06-02 22:01:25','2020-06-02 22:01:25'),
(87,84,'VLvHJAC3nYmRcqNhhC7M9cV82Rnuq0wh.jpg',58718,'2020-06-02 22:01:25','2020-06-02 22:01:25',NULL),
(88,85,'qHEQRtllHZMgG5FRcJPWKWIbonLo1vFX.jpg',92394,'2020-06-02 22:10:25','2020-06-02 22:10:25',NULL),
(89,86,'IOZCktJ5e0H3kljuFNXcFjMF6rrWqGGw.png',84281,'2020-06-03 18:04:51','2020-06-03 18:04:51',NULL),
(90,87,'AwomX2rHz07G62Kp4qjEy8zYZER1m5dm.jpg',84255,'2020-06-03 18:14:13','2020-06-03 18:14:13',NULL),
(91,88,'vMxdQ12kxqEW8TfMzUUZ1GObjiNl2ngT.jpg',85231,'2020-06-03 18:20:07','2020-06-03 18:20:07',NULL),
(92,89,'pZdrneEzrZkXRoVksafiRqIVbHXBigZe.jpg',1709636,'2020-06-03 18:20:41','2020-06-03 18:20:41',NULL),
(93,90,'AInmMNL24JLgHKOTyAFsVZVkHwYLX5Mk.jpg',55601,'2020-06-03 18:24:07','2020-06-03 18:24:07',NULL),
(94,91,'sx6y3kSBSVB4vuvW0e3c2gZ0mYluktOp.jpg',83402,'2020-06-03 18:24:56','2020-06-03 18:24:56',NULL),
(95,92,'b2GXieTcOD063sL5sffRX8XCTiGW7QJf.png',55245,'2020-06-03 18:27:01','2020-06-03 18:27:01',NULL),
(96,93,'rJBipB2aA944FKeHRuAbKFd1dAB1Xn67.png',151448,'2020-06-03 18:29:35','2020-06-03 18:43:53','2020-06-03 18:43:53'),
(97,94,'xQIzzHIkgmHh8GjnXfCiPD2TOC0DM8g3.jpg',82012,'2020-06-03 18:30:44','2020-06-03 18:30:48','2020-06-03 18:30:48'),
(98,94,'4SQzGwe9NjEDqnf2kjvNfO9USnAjCJ0y.jpg',82012,'2020-06-03 18:30:48','2020-06-03 18:30:48',NULL),
(99,95,'1zvmvRHHzy71vbdaFd1PxyJuTgiNrWbV.png',203535,'2020-06-03 18:37:50','2020-06-03 18:37:50',NULL),
(100,96,'SpwcYnY64HRErW2xRDJjblYdeH33YANn.png',49014,'2020-06-03 18:37:50','2020-06-03 18:37:50',NULL),
(101,97,'WSfJKS4UBQ2WuLcCLVSo5sIOAWIv7OEZ.png',122083,'2020-06-03 18:38:21','2020-06-03 18:40:46','2020-06-03 18:40:46'),
(102,98,'MXwBOw8AhAHnJuvqHNaghJgWIjQ4NCEO.jpg',82569,'2020-06-03 18:39:15','2020-06-03 18:39:21','2020-06-03 18:39:21'),
(103,98,'T3h8urSkwj3XG8mJjEnNbxqofMSA0qnU.jpg',82569,'2020-06-03 18:39:21','2020-06-03 18:39:21',NULL),
(104,97,'4pzKBx2WEfO7E0w0HyEkptQQ2i5CKSQD.png',85925,'2020-06-03 18:40:46','2020-06-03 18:40:46',NULL),
(105,99,'FhDAkrzcQD23MhJE9MmzAimlpC2qB1NG.png',88300,'2020-06-03 18:42:03','2020-06-03 18:42:03',NULL),
(106,93,'lRj2LYSG8L8FeK2OfcEKasS7uPTZREl0.png',194113,'2020-06-03 18:43:53','2020-06-03 18:43:53',NULL),
(107,100,'e65W4tOpq2WSDgHPP6gQydVjDlcc2iM6.jpg',95201,'2020-06-03 18:46:52','2020-06-03 18:46:52',NULL),
(108,101,'MVoaBG1aZNvATZ3lI6GnNYsTMjyPNaM6.jpg',81596,'2020-06-03 18:47:22','2020-06-03 18:47:22',NULL),
(109,102,'TPIDJpOcQOaZPeFqD341VBdSlrVDV3n3.png',106631,'2020-06-03 18:47:28','2020-06-03 18:47:28',NULL),
(110,103,'pMzfYJa2Q77ZpFhkKTG8pRiWJDI1Nxof.PNG',70941,'2020-06-03 18:50:03','2020-06-03 18:50:03',NULL),
(111,104,'fd1MfZPlmHGr7KN8SovFItmaKZsw6TVD.png',35009,'2020-06-03 18:50:39','2020-06-03 18:50:39',NULL),
(112,105,'snS2M2O92rBpVPeC7wtL96dA5zF33xmg.jpg',81330,'2020-06-03 18:52:54','2020-06-03 18:56:03','2020-06-03 18:56:03'),
(113,105,'kTl3mM5RaO008PqG1qwUMqhmvsSstBSd.png',185983,'2020-06-03 18:56:03','2020-06-03 18:56:03',NULL),
(114,106,'JbtJHrf8pvg5w7skSr5lkf5aeAioSJ2E.png',78999,'2020-06-03 18:56:35','2020-06-03 18:56:35',NULL),
(115,107,'sj8GHQ477iCuNV2NYNgq19yP2m0TDST4.PNG',217286,'2020-06-03 19:06:01','2020-06-03 19:06:01',NULL),
(116,108,'iV7gDaDEFmWYFlMpkGDlO9mfDJambb01.png',21270,'2020-06-03 19:09:36','2020-06-03 19:09:36',NULL),
(117,109,'jSRVgtaLO3l0Ngzyz0ZKSNAw0LZTVYml.png',85170,'2020-06-03 19:23:43','2020-06-03 19:23:43',NULL),
(118,110,'VIieByWFpaSoVQJfPToR0H4yRQV9YkwV.png',27545,'2020-06-03 19:27:47','2020-06-03 19:27:47',NULL),
(119,111,'pSFKJSnuZ6Hg9BT5Zt4TZuJ4Tnfe7Aet.jpg',43059,'2020-06-03 19:36:41','2020-06-03 19:36:41',NULL),
(120,112,'uWPPTfj2LQISYapqIU9pN339baNioavB.png',243923,'2020-06-03 19:49:26','2020-06-03 19:49:26',NULL),
(121,113,'oitLHzCEwzPDDEsZMwmCbf6tx6P8nTqm.png',42000,'2020-06-03 20:06:12','2020-06-03 20:06:12',NULL),
(122,114,'Me3HqXmdEnnRGqsH0fiBnQL4n98DkfYR.png',187120,'2020-06-03 20:10:47','2020-06-03 20:10:47',NULL),
(123,115,'ZSCO1u8PEAHZnaNnQCB4AEDAZueIXfiX.png',347494,'2020-06-03 20:15:46','2020-06-03 20:15:46',NULL),
(124,116,'Phvuq0OrvYHTCLYS8gSbL2SSCh3cRxfl.png',66707,'2020-06-03 21:02:12','2020-06-03 21:02:12',NULL),
(125,117,'A57S1hmnKyybhkErU0i0ZViHWXfZMlgR.png',142099,'2020-06-03 22:16:04','2020-06-03 22:16:04',NULL),
(126,118,'07ewdmQf9TT80GuSIHi5iwqywH45c402.png',70977,'2020-06-03 22:28:44','2020-06-03 22:28:44',NULL),
(127,119,'v8R6dAV8Bl9SLZFfKFGfg4HJ3CFRGrND.png',90596,'2020-06-03 23:19:47','2020-06-03 23:19:47',NULL),
(128,120,'udAdEE8VM5vtG0lDLpbLqiG1zvRAH1vr.png',54743,'2020-06-03 23:22:03','2020-06-03 23:22:03',NULL),
(129,121,'b0oeiTgA6u5IjKLSPxhdOSJ7YNt3QzcJ.jpg',71157,'2020-06-04 11:25:35','2020-06-04 11:25:35',NULL),
(130,122,'935cVbrORwRU6KAfh2FNqf0SZZMUOXzP.jpg',77469,'2020-06-04 11:30:57','2020-06-04 11:30:57',NULL),
(131,123,'Vi6zK3MqhIluhb4qViA8NZyjAGUxeC7V.png',82041,'2020-06-04 14:48:54','2020-06-04 14:49:00','2020-06-04 14:49:00'),
(132,123,'yPaOnkA8hg5jj4nuv5WDPQO7oAfMhTxc.png',82041,'2020-06-04 14:49:00','2020-06-04 14:49:00',NULL),
(133,124,'cROsBsC76dvt8K9Ptj2REIyuq8ClGO6M.jpg',84127,'2020-06-04 16:31:15','2020-06-04 16:31:15',NULL),
(134,125,'UxEuwqDcI6PK1eFePIFQa8IPGQR4BS0E.jpg',82335,'2020-06-04 16:38:20','2020-06-04 16:38:20',NULL),
(135,126,'jDnD3XcE61CNiRPDrPZbyMS37cXB4SjN.png',140803,'2020-06-04 18:24:54','2020-06-04 18:24:54',NULL),
(136,127,'DVK7fse7DvQDNRRMsdQ9akikbWoK5Bib.jpg',73899,'2020-06-07 00:46:11','2020-06-07 00:46:11',NULL),
(137,128,'wJ6WCPpRloRlieLH2vg48VJzT8fVfT2Q.jpg',85489,'2020-06-07 00:47:00','2020-06-07 00:47:00',NULL),
(138,129,'owIVzbEvYhUTTbWF7E4AyLNOvMRK0uPW.jpg',96622,'2020-06-07 00:48:07','2020-06-07 00:48:07',NULL),
(139,130,'pNsxhdtq1i2q9HXoljvhjRfYrdxt35lA.png',208036,'2020-06-07 00:53:25','2020-06-07 00:54:47','2020-06-07 00:54:47'),
(140,130,'jRhyOI7hQHBHJwILSILwVhlMX55OXjLL.png',208036,'2020-06-07 00:54:47','2020-06-07 00:54:47',NULL),
(141,131,'5Az8gzH0v6irkLTm4GJpe4SoWeP2WNZS.jpg',73737,'2020-06-07 08:13:39','2020-06-07 08:13:39',NULL),
(142,132,'aXSrKkLEw27EH5m8w84fwXarzcu7c8KC.jpg',104117,'2020-06-07 08:14:24','2020-06-07 08:14:24',NULL),
(143,133,'hWeOiKd7VLQ9l3D8pi5ToQE7JB5XFdJx.jpg',84685,'2020-06-07 12:45:42','2020-06-07 12:45:42',NULL),
(144,134,'vQkd4rbTRdBtEum22kIrO9HbMliDiNlz.jpg',63217,'2020-06-07 13:03:55','2020-06-07 13:10:59','2020-06-07 13:10:59'),
(145,134,'xy7YHPvTiwjQycxqPzt83LDT8QY1g3GM.jpg',78825,'2020-06-07 13:10:59','2020-06-07 13:10:59',NULL),
(146,135,'qcuhaAdtTGa4dvdoz6mi61Tz1Y3OnDcG.png',167140,'2020-06-08 14:02:56','2020-06-08 14:03:24','2020-06-08 14:03:24'),
(147,135,'GoTcbwKZQX4QpMc7c6cjHbuMID1qLC7U.png',167140,'2020-06-08 14:03:24','2020-06-08 14:03:24',NULL),
(148,136,'4YVw7v6J7dOgfsPomYfijp51546KNcHl.png',63532,'2020-06-08 14:28:30','2020-06-08 14:28:30',NULL),
(149,137,'BulDWSnmga1g3s5vKnK5LoDHLlhynlqt.jpeg',71779,'2020-06-08 14:34:30','2020-06-08 14:34:30',NULL),
(150,138,'kqcmrTosFd0CbVkhJpnGiNRsgt0939L0.jpg',202740,'2020-06-08 14:38:11','2020-06-08 14:38:11',NULL),
(151,139,'qxia64LdLznW05PaFuyuwr9223IqJoyd.jpg',75497,'2020-06-08 14:38:34','2020-06-08 14:38:34',NULL),
(152,140,'MLLGzM5wqRh6PCTLpkfY15hpRw5hnoNG.jpg',34429,'2020-06-08 14:40:15','2020-06-08 14:40:15',NULL),
(153,141,'J7pTuibZhYvqLOrjvi9AbdIQfNHgFlZB.jpg',56195,'2020-06-08 14:41:51','2020-06-08 14:41:51',NULL),
(154,142,'4o7ssrYxbcGb8Knyed7CJPj2VhLcWVlE.png',95468,'2020-06-08 14:48:55','2020-06-08 14:48:55',NULL),
(155,143,'3hCxkJ6a4ZhREL4iiDqgSBUjxhuMcHVZ.png',193980,'2020-06-08 14:49:47','2020-06-08 14:49:47',NULL),
(156,144,'76SgwteNp9BxpqFvBdNfzAFAwlzBN7dH.jpg',26327,'2020-06-08 14:51:49','2020-06-08 14:51:49',NULL),
(157,145,'eP1fnYfKsNMMEBLghUz8MIwGYMiG7Yru.jpg',120312,'2020-06-08 15:02:29','2020-06-08 15:02:35','2020-06-08 15:02:35'),
(158,145,'rPA19HZc1qA0xvqdllBQWqiUKVGAdw6o.jpg',120312,'2020-06-08 15:02:35','2020-06-08 15:02:35',NULL),
(159,146,'add6nxreBfI3PQUK0iPO2BDOT0T1CyCz.jpg',30801,'2020-06-08 15:06:17','2020-06-08 15:06:17',NULL),
(160,147,'tZUtKjRKhiyyO9tZ2hvbEjturuImt3NU.jpg',25218,'2020-06-08 15:14:54','2020-06-08 15:14:54',NULL),
(161,148,'XZHAmFcBePZDQNQXy0XsGfVNAaPV3TQd.jpeg',32550,'2020-06-08 15:21:43','2020-06-08 15:21:48','2020-06-08 15:21:48'),
(162,148,'6umwFsD6dudvCVFxNfcD6NBVSEXNMePF.jpeg',32550,'2020-06-08 15:21:48','2020-06-08 15:21:48',NULL),
(163,149,'egKtJTEJB5FQNxeNd1UYTpXn38bYfAGw.jpg',55844,'2020-06-08 15:30:09','2020-06-08 15:30:09',NULL),
(164,150,'K0oFDsfG1RS4RWs7Z5UQw9vpthzfwpVw.jpg',50442,'2020-06-08 16:06:56','2020-06-08 16:06:56',NULL),
(165,151,'EGUDUSqeuXYUCNZdnn8QHROBKuV2to4W.png',135499,'2020-06-08 16:22:02','2020-06-08 16:22:02',NULL),
(166,153,'2XT4ci8EuzWKPWRVrOKAGZD1BNNUpan5.jpg',57092,'2020-06-08 16:40:41','2020-06-08 16:40:41',NULL),
(167,154,'v37LKptWqBF3DYeaNsHP4Ax2VRd6p501.jpg',57205,'2020-06-08 16:42:33','2020-06-08 16:42:33',NULL),
(168,155,'ZxisvkuvyFSFRmpK0K7UHsUcvDMAfJsj.jpg',25926,'2020-06-08 16:58:49','2020-06-08 16:58:49',NULL),
(169,156,'8wM1ko8Wra8F8GTojM0LtWNuTKN81igw.png',98598,'2020-06-08 17:04:41','2020-06-08 17:04:41',NULL),
(170,157,'5RR2mjlsziC6E889Wt784Emn5rjqE3Ff.jpg',123343,'2020-06-08 18:04:30','2020-06-08 18:04:30',NULL),
(171,158,'LPguMInXa8Dyi3QW3q7x1WZeq4SJBDft.png',128923,'2020-06-08 19:56:02','2020-06-08 19:56:02',NULL),
(172,159,'opfcLa4KJ2jSqFd23Z7Swsc2i6FkxdYs.jpg',51966,'2020-06-08 19:57:31','2020-06-08 19:57:31',NULL),
(173,160,'QFDHOS226LRNDO7R3yjaz1EkqlLamXOa.jpg',124656,'2020-06-08 20:40:08','2020-06-08 20:40:08',NULL),
(174,162,'hjj7vRZ8pXYmV0lginuFIAVJFuK45Xp2.jpg',60840,'2020-06-08 21:11:21','2020-06-08 21:11:21',NULL),
(175,163,'3iq2z77ynVuyDyLZgg2qTEIjRph6nln1.jpg',114936,'2020-06-08 21:23:35','2020-06-08 21:23:35',NULL),
(176,164,'S6ab3uDYRJsWrPYvHdKuGFRhb3JGuAGx.jpeg',31447,'2020-06-08 21:29:14','2020-06-08 21:29:14',NULL),
(177,165,'eIHpa2MTaEghugQDMrgd1JWMzOZ0AUng.jpg',55253,'2020-06-08 21:44:17','2020-06-08 21:44:24','2020-06-08 21:44:24'),
(178,165,'t4AMLy8KyZxK9agZAkG7OQjbIXfXqmSX.jpg',55253,'2020-06-08 21:44:25','2020-06-08 21:44:25',NULL),
(179,166,'huS8BEU2WPaOHVItkNjdkg4mUZQxAgU1.jpg',62535,'2020-06-08 21:52:17','2020-06-08 21:52:17',NULL),
(180,167,'xQKz6kymUkI01fB7UMb9peoxoeBa6FCp.jpg',55689,'2020-06-08 21:54:41','2020-06-08 21:54:41',NULL),
(181,168,'bHkeBgjjBd5dwzfh0aVWmIXSqK1M1MBy.jpg',32001,'2020-06-08 22:42:59','2020-06-08 22:42:59',NULL),
(182,169,'NTCvStcQ3EdTqIfZzkHL70hq6BtaRDeL.jpg',55332,'2020-06-09 08:02:04','2020-06-09 08:02:04',NULL),
(183,170,'Ij6NnjOos7zbgwlmnVIyV6cWZHzZnj1F.jpg',32001,'2020-06-09 08:10:07','2020-06-09 08:10:07',NULL),
(184,171,'nSkh9C0HQ4ZMvVRtj0tgSOgTvcILvDkD.png',99912,'2020-06-09 08:12:58','2020-06-09 08:13:33','2020-06-09 08:13:33'),
(185,171,'uATYdpAOaiwuIefgG4gc9JKNvAMZw10y.png',99912,'2020-06-09 08:13:33','2020-06-09 08:13:33',NULL),
(186,172,'oyatbF5UlLldCRWQ7LuDVDWpYSf9w3BY.jpg',30837,'2020-06-09 08:15:47','2020-06-09 08:15:47',NULL),
(187,173,'ZFeqOBTzIUUd2XU5076lOGs79E1ftMAw.jpg',34450,'2020-06-09 08:32:35','2020-06-09 08:32:35',NULL),
(188,174,'10C6EpuqCFf64DElVyZIc8exsXcmlWWx.jpg',56012,'2020-06-09 08:45:52','2020-06-09 08:45:52',NULL),
(189,175,'KjWQXZYDpHG89dc3D5a4QCnZSAtE13sV.png',121297,'2020-06-09 08:54:40','2020-06-09 08:54:40',NULL),
(190,176,'MVzJJaB0U9DjQ49ijZ4jSGQ7W5JOLXFh.jpg',30503,'2020-06-09 09:00:38','2020-06-09 09:00:38',NULL),
(191,177,'kpZYs2VnbtUk3Ua1wHv5TYqPyOiNrfl0.jpg',126079,'2020-06-09 09:00:42','2020-06-09 09:00:42',NULL),
(192,178,'p0ZELheSFfeLlC6cwDzwkEtGfsQPnBd8.jpeg',90341,'2020-06-09 09:02:09','2020-06-09 09:02:09',NULL),
(193,179,'65dVqw6KR8JoBrB4R2QoiFwhFwf7fd5w.jpg',60940,'2020-06-09 09:04:13','2020-06-09 09:04:13',NULL),
(194,180,'XDB6hgcm40bQBCeOGhMX0XFU2GdhZ9TJ.png',108174,'2020-06-09 09:08:10','2020-06-09 09:08:10',NULL),
(195,181,'OYJmXGfMZ1cphoHCvF5hYuq4oECITgVV.jpg',80651,'2020-06-09 09:10:34','2020-06-09 09:10:34',NULL),
(196,182,'RYeqcmyo9X3vRmbErUa0WvoqzweGFFfP.png',92241,'2020-06-09 09:43:02','2020-06-09 09:43:02',NULL),
(197,161,'2o93PR4tK9bNcj4Q1T0QJQ6EH2rqrEw5.jpg',102980,'2020-06-09 09:49:15','2020-06-09 09:49:15',NULL),
(198,152,'25iTwdzpqcFGIKS0pYWKCSX8RiJLR4Kf.jpg',56393,'2020-06-09 09:51:28','2020-06-09 09:51:28',NULL),
(199,183,'YW7z8HJPZTyLW0ZWWMQqtXcH7nmJcVEz.jpg',56278,'2020-06-09 10:53:52','2020-06-09 10:53:52',NULL),
(200,184,'VXVYZ16Fn1BTUH9TmgzR3BvXDNGkwQ62.jpg',51050,'2020-06-09 11:36:36','2020-06-09 11:36:36',NULL),
(201,185,'xGh0rb4kvPj5O9lJzKOOhszUblgBwAdC.png',169364,'2020-06-15 14:27:02','2020-06-15 14:27:02',NULL),
(202,186,'i3DBA4q2hXtuJULaTRp9kRinQlS8YarO.jpg',31219,'2020-06-15 14:45:12','2020-06-15 14:45:12',NULL),
(203,187,'QqTtpRAQbglgIn4TErfHxPLFIVKosXAw.jpg',77323,'2020-06-15 14:45:12','2020-06-15 14:45:12',NULL),
(204,188,'YM6ODT5FCZa4fg0Gnkc4pnaR6khFa74u.png',176910,'2020-06-15 14:58:50','2020-06-15 14:58:50',NULL),
(205,189,'v5J2sGhJDOVZZp3T7uVfNBQyoZMDHlo0.png',103865,'2020-06-15 14:59:31','2020-06-15 14:59:31',NULL),
(206,190,'PB9iOnqjwHsZFz087Y4nmmOSKff8szes.png',90992,'2020-06-15 15:00:14','2020-06-15 15:00:14',NULL),
(207,191,'mzYvN4WOZIeTKutBOAWMv7vuyJhGw8bs.jpg',37584,'2020-06-15 15:20:08','2020-06-15 15:20:08',NULL),
(208,192,'OPLMi2axoiMfu3XJ17Q1qilhoI6ki5jG.jpeg',35636,'2020-06-15 15:29:01','2020-06-15 15:29:01',NULL),
(209,193,'vBdXA7yfvIsabxf6hDa2WNMRoY76rO8g.jpg',38795,'2020-06-15 15:30:18','2020-06-15 15:30:18',NULL),
(210,194,'HZSKxw91Gm8krEgGajpLl7zmYglBglDk.jpg',59063,'2020-06-15 15:34:45','2020-06-15 15:34:45',NULL),
(211,195,'Ri6MPaKQP8BJJt6xT201qPJ30ZFDNW8U.png',103098,'2020-06-15 15:35:29','2020-06-15 15:35:29',NULL),
(212,196,'VtcQIiT7sAeruSH8l2lcwRpkoO2rFxx2.jpg',32350,'2020-06-15 15:50:07','2020-06-15 15:50:14','2020-06-15 15:50:14'),
(213,196,'eBNMZOBwwLNUbwkuox8XeJJyq1DOQbVL.jpg',32350,'2020-06-15 15:50:14','2020-06-15 15:50:14',NULL),
(214,197,'9wAdfV5iJic4OqxelUG1JWlNDuu6dptJ.jpg',60622,'2020-06-15 15:52:02','2020-06-15 15:52:02',NULL),
(215,198,'lmmMRFG1LkuS18eXGtucqTKidKbO4rGw.jpg',32348,'2020-06-15 16:29:51','2020-06-15 16:29:51',NULL),
(216,199,'2mVZx9VzlAvZKCIYDkCdFdhDh7O1MalX.jpg',59810,'2020-06-15 16:39:47','2020-06-15 16:40:27','2020-06-15 16:40:27'),
(217,199,'XcgZn2ftNSHGVK11DdSFTHjersWkIbR5.jpg',59810,'2020-06-15 16:40:27','2020-06-15 16:40:27',NULL),
(218,200,'mBGppcsUa66tjvAg9RCMu40t4hKGI2OY.jpeg',559337,'2020-06-15 16:44:45','2020-06-15 16:44:45',NULL),
(219,201,'9AfPoSYgbE3uBf9MK7jZD6wfsyX7bLIX.jpg',58715,'2020-06-15 16:56:45','2020-06-15 16:56:45',NULL),
(220,202,'Lj82tgseYnd469rJWZfreHmxoAm93I7b.jpg',37718,'2020-06-15 17:49:07','2020-06-15 17:49:07',NULL),
(221,203,'XMVBn7relnkQ38p8RImfr80MzFew77rY.jpg',56064,'2020-06-15 17:55:39','2020-06-15 17:55:39',NULL),
(222,204,'h6NS7NgxQYIo8uWLCHAGWXOhi4sHXZQ1.png',104853,'2020-06-15 17:57:52','2020-06-15 18:00:00','2020-06-15 18:00:00'),
(223,204,'XIoHT9CzFqGzLz9scVaodpzOHvZB2XT2.png',137225,'2020-06-15 18:00:00','2020-06-15 18:00:00',NULL),
(224,205,'MHUXy6FqB0NkHmaYRA1FpYFLDPeXTrQz.jpg',50689,'2020-06-15 18:12:18','2020-06-15 18:12:18',NULL),
(225,206,'FWv2ZNLZm6HpsprejjRHlKuRxxaO2QjM.png',101055,'2020-06-15 18:16:34','2020-06-15 18:16:34',NULL),
(226,207,'DpM5kKNK13Rwvg5WYv88bZ7PJ0HUThgQ.jpg',56438,'2020-06-15 18:28:59','2020-06-15 18:28:59',NULL),
(227,208,'YwzuiB1Ybtt5TUViR63p6UYP9r9NWNaY.png',158443,'2020-06-15 18:33:56','2020-06-15 18:33:56',NULL),
(228,209,'huR1M1nUTGTaeLvbztDLIvMcLMn7KlMB.jpg',56646,'2020-06-15 20:45:13','2020-06-15 20:45:13',NULL),
(229,210,'SaGr49E54XtRqQueY9OXsFmq4tYtxjNK.png',112838,'2020-06-15 20:46:01','2020-06-15 20:46:01',NULL),
(230,211,'3nWo1w1UPEr1HQvA1JXf81x15gCZWOnQ.jpg',29939,'2020-06-15 20:46:09','2020-06-15 20:46:09',NULL),
(231,212,'idqz6kVUtkp6tmc1ShAe2OTZGkDwHbiT.png',119916,'2020-06-15 20:46:36','2020-06-15 20:46:36',NULL),
(232,213,'d6G9JcwmAI8ZkUalHL79SsbL40yirpVT.jpg',61296,'2020-06-15 21:00:46','2020-06-15 21:00:46',NULL),
(233,214,'h0mR2gtMNQPDv7PB0vktwXApCeqjrkUJ.png',106560,'2020-06-15 21:03:36','2020-06-15 21:03:36',NULL),
(234,215,'HamzxC1F9iH2u29VggqQ5tJ6StUF9RzL.jpg',25653,'2020-06-15 21:12:50','2020-06-15 21:12:50',NULL),
(235,216,'XNQHM4Baj0yRWQ1ZVDvClOIcOBmkFoyy.png',133548,'2020-06-15 21:22:47','2020-06-15 21:22:47',NULL),
(236,217,'1xHBFr8qGxASSAGirL9WS5d5BFrFHi7w.jpg',53048,'2020-06-15 22:35:36','2020-06-15 22:35:36',NULL),
(237,218,'8WE5DixYOQoHLCFl8zaw1DaT4hwEDliA.jpg',145678,'2020-06-16 02:33:01','2020-06-16 02:33:01',NULL),
(238,219,'2ntxTyDX7u237JqTDgnb8Mi6zci9SIg5.jpg',209983,'2020-06-16 07:57:10','2020-06-16 07:57:10',NULL),
(239,220,'CmoxhKf1nI5VP5fXx4wX5DBxRTXVBzR0.jpg',59323,'2020-06-16 08:09:28','2020-06-16 08:09:28',NULL),
(240,221,'5xHTXqCHsA1kl0qRwu8hSeJYeoUZR5LX.jpg',57223,'2020-06-16 08:09:38','2020-06-16 08:09:38',NULL),
(241,222,'xjVE0CApHeFhWxEbjv8KUNgYTxmDFOLX.jpg',58016,'2020-06-16 08:23:07','2020-06-16 08:23:07',NULL),
(242,223,'HkVAh1K2VCKIJ6R8bsaq2yqYJbjtmA9e.png',99870,'2020-06-16 08:28:59','2020-06-16 08:28:59',NULL),
(243,224,'Y5WbHj2hgUg1zXB8HjruJyA3807ZeEtp.JPG',92052,'2020-06-16 09:04:49','2020-06-16 09:04:49',NULL),
(244,225,'KjmxT6AS9CNG5U3ax1CeDLlgOIAoGrcL.jpg',124253,'2020-06-16 09:11:08','2020-06-16 09:11:08',NULL),
(245,226,'jWPqnKhhdMmLZrezWNsN0G3FG7uRjH5Q.jpg',53104,'2020-06-16 09:35:45','2020-06-16 09:35:45',NULL),
(246,227,'crus9JqE5KcQWgtgmKGrdSfANYZsqzVD.jpeg',72259,'2020-06-16 09:54:35','2020-06-16 09:54:35',NULL),
(247,228,'8BHYiORzkFpXqocIa786o2yDHLXzBUAt.png',94275,'2020-06-16 10:06:52','2020-06-16 10:06:52',NULL),
(248,229,'KE2hJlQQZfWWhwgFcALDdkd2E7iim73T.jpg',25886,'2020-06-16 10:59:49','2020-06-16 10:59:49',NULL),
(249,230,'uWMDSFflfdUapv6YGLuzl40HB8RMScbD.jpg',50895,'2020-06-16 11:30:45','2020-06-16 11:30:45',NULL),
(250,231,'ef1pTj3ivFNvOehZGrxZmV72It2HBXsv.jpg',94753,'2020-06-16 12:19:19','2020-06-16 12:19:19',NULL),
(251,232,'HvXYQabOtPRbwS6cxKphQ7hkjDMsRAge.jpg',41902,'2020-06-21 13:29:08','2020-06-21 13:29:08',NULL),
(252,233,'BauwpEf1XEuqzYunQTkLtVh5zXyDQC5F.jpg',94741,'2020-06-21 13:32:14','2020-06-21 13:32:14',NULL),
(253,234,'AcDFCGzKgX3YebinROa7Yle4CkI0dsC0.png',69669,'2020-06-21 13:32:40','2020-06-21 13:32:40',NULL),
(254,235,'hSdm7Y5Mfv1gZFB2IhQT68hA2UxS3ohI.png',170120,'2020-06-21 13:34:43','2020-06-21 13:34:43',NULL),
(255,236,'kKO0lcogEUMkkXpKlck55I7DXS3fayhB.png',206684,'2020-06-21 13:37:56','2020-06-21 13:37:56',NULL),
(256,237,'clAvCBJ5BE9vIg3OOzGmnEyns5i9eWI4.jpg',121961,'2020-06-21 13:39:27','2020-06-21 13:39:27',NULL),
(257,238,'gzJUDYLcpKuXKYgSQrCU3ucfegw47A54.png',77168,'2020-06-21 13:41:15','2020-06-21 13:41:15',NULL),
(258,239,'MLhJQ5F9i5pZkIdtegN05rcOGtKQcAUR.jpg',115273,'2020-06-21 13:43:25','2020-06-21 13:43:25',NULL),
(259,240,'MRpQksoYxcfvsC73wAyIiUGRaXirCRwg.jpg',39267,'2020-06-21 14:04:20','2020-06-21 14:04:20',NULL),
(260,241,'UKMEO88sjVQTEnZoxlkI8DSpukEboGqD.jpg',40491,'2020-06-21 14:06:02','2020-06-21 14:06:02',NULL),
(261,242,'55lpjKLEQ5Wsadz7Enxbd48Kej744c2q.jpeg',41831,'2020-06-21 14:14:19','2020-06-21 14:14:19',NULL),
(262,243,'qkVOvOId1nVJ7NkQDpkHaqGrbPk5Rvq4.jpg',44846,'2020-06-21 14:38:15','2020-06-21 14:38:15',NULL),
(263,244,'qNdIbpRuyPpKEvIHhzLoPOqs6oWYrDBH.png',94616,'2020-06-21 14:38:17','2020-06-21 14:38:17',NULL),
(264,245,'dYmyBcd1UULbSdOYkxdEuFORoFHdeM0K.png',43578,'2020-06-21 14:42:42','2020-06-21 14:42:42',NULL),
(265,246,'ppkVdZRppdOUW8w2oBpkrzcVlbupI8ES.png',77212,'2020-06-21 14:53:04','2020-06-21 14:53:04',NULL),
(266,247,'5ku0N6d6Ep77dd5qEPe2dDwAHprM3Jhn.png',195066,'2020-06-21 15:08:59','2020-06-21 15:08:59',NULL),
(267,247,'7fEMYSCLQXyXs6A5C2hUJjXcOQLIV8TF.png',176808,'2020-06-21 15:08:59','2020-06-21 15:08:59',NULL),
(268,248,'Cw3IMqIbiqzl2NWAJlE1xqAee4yLVuBg.jpeg',36343,'2020-06-21 15:11:49','2020-06-21 15:11:49',NULL),
(269,249,'YCWe0pq6QFIijd5FU8XPejF3nIuSOnXS.png',71549,'2020-06-21 15:29:40','2020-06-21 15:29:40',NULL),
(270,250,'5vG7eYGdRueXGfgT5JPgQaK6RLwrzipu.png',291096,'2020-06-21 15:45:18','2020-06-21 15:45:18',NULL),
(271,251,'DFzgxJPZM3tTgWIQ4jg0Nenmq992bszu.png',70762,'2020-06-21 16:19:56','2020-06-21 16:19:56',NULL),
(272,252,'k2yxBFLecNA5rfkbkPaB9uDYseoP0rxb.png',72013,'2020-06-21 16:46:38','2020-06-21 16:46:38',NULL),
(273,253,'QiirxPZEFd05fDp3l5WGiT0mPtCIZQ0i.png',69916,'2020-06-21 17:07:32','2020-06-21 17:07:32',NULL),
(274,253,'PM1t04uI23J7mf5ZuOywI0uCqGwGsclt.png',169562,'2020-06-21 17:07:32','2020-06-21 17:07:32',NULL),
(275,254,'yTNcd7xCrCtUt7FF48RciiZxW4eFEK4A.png',98829,'2020-06-21 17:10:13','2020-06-21 17:10:13',NULL),
(276,255,'liidT8B8cOEiGEYSFkooeqf8y4K52bJZ.png',71541,'2020-06-21 17:10:47','2020-06-21 17:10:47',NULL),
(277,256,'lw9Ma2GuPbTuCTO4iCShOxzb5huFvopk.jpg',43598,'2020-06-21 17:11:18','2020-06-21 17:11:18',NULL),
(278,257,'BnkhCihrGOGVqsPTLrhplYAyalql4BLA.jpg',44217,'2020-06-21 17:33:38','2020-06-21 17:33:38',NULL),
(279,258,'sI7RkloCdtRLayBuQ0I95kdvU3Lt80u1.jpg',49872,'2020-06-21 20:04:26','2020-06-21 20:04:26',NULL),
(280,259,'p4e0rIGEJ9YKNvDmghrAlWlQkcv9akh0.jpg',91377,'2020-06-21 20:18:51','2020-06-21 20:18:51',NULL),
(281,260,'tyebiado7els6Me1ghotaELmtwBYR1Mr.png',94269,'2020-06-21 20:25:43','2020-06-21 20:25:43',NULL),
(282,261,'bcpQFTi83ZkyZvJ7r8Vu0AxCFfyQ2i4B.png',71315,'2020-06-21 23:18:28','2020-06-21 23:18:28',NULL),
(283,262,'h5u2gUIgdZiWdJ1MCdkMxM8vgSnmDrXt.jpg',96002,'2020-06-21 23:21:14','2020-06-21 23:21:14',NULL),
(284,263,'Tuz2XSwDFJ6vuVE7F8LOJ393SJsbf9pI.png',191232,'2020-06-22 00:02:29','2020-06-22 00:02:29',NULL),
(285,264,'xWHKzlaqtsdda7E38v9WP81yy74uqTI6.jpg',135490,'2020-06-22 15:54:55','2020-06-22 15:54:55',NULL),
(286,265,'mFeaDFSmp7opVXuoMZemWcjK1RuBpr7m.png',165767,'2020-06-22 16:51:18','2020-06-22 16:51:18',NULL),
(287,266,'H0cApoTvQ7UdawZXQtDUbMj5X7jVg7Vz.png',141447,'2020-06-22 16:58:38','2020-06-22 16:58:38',NULL),
(288,267,'7WR3VYC9O8conNqWP7yQ0lE9941fanfB.jpeg',35191,'2020-06-22 16:59:12','2020-06-22 16:59:12',NULL),
(289,268,'HnMQ16MI38o5GaBBWfqVEP7HHSEimioG.jpg',51410,'2020-06-22 17:08:00','2020-06-22 17:08:00',NULL),
(290,269,'ZAcNhqKd6d2cFm9S98PE5axsEYJyK0Pd.jpg',209210,'2020-06-22 17:09:07','2020-06-22 17:09:07',NULL),
(291,270,'gugF6QDEmqNXVJubdusVffvcvv1sNbor.png',135584,'2020-06-22 17:10:03','2020-06-22 17:10:03',NULL),
(292,271,'8gJHO9O89hPbIRbswYQLZBiXZHoGyqms.png',96586,'2020-06-22 17:10:04','2020-06-22 17:10:04',NULL),
(293,272,'6fCHFlZTLUrG28vdawqSvhNINNtdrI7l.jpg',23966,'2020-06-22 17:15:31','2020-06-22 17:15:31',NULL),
(294,273,'oJCwJ1Xl4z3LBihMI3skTRPsYwSmCTpN.jpg',55240,'2020-06-22 17:23:58','2020-06-22 17:23:58',NULL),
(295,274,'eM2usuzzTBp620izk8FcOaIq08WA4wpo.jpg',76830,'2020-06-22 17:42:16','2020-06-22 17:42:16',NULL),
(296,275,'JlveTYrkl28s4q4KgzvS5LfwhOImlzuz.jpg',93547,'2020-06-22 18:15:54','2020-06-22 18:15:54',NULL),
(297,276,'jaiCLQOeapyjFyb7MaMxBaInhvEaVkS3.jpg',34404,'2020-06-22 19:35:16','2020-06-22 19:35:16',NULL),
(298,277,'oiZc7Rn7Z7WVAl7Cb4NsCjeQAUgU3AIT.jpg',61692,'2020-06-22 21:46:43','2020-06-22 21:46:43',NULL),
(299,278,'r3FyIruI1pdrjUSJ45VkWJtxD5mP05SW.jpg',111823,'2020-06-22 21:48:58','2020-06-22 21:49:03','2020-06-22 21:49:03'),
(300,278,'tdiYKlLa6fR7oe4tjQVHULrqqoh5K7IL.jpg',111823,'2020-06-22 21:49:03','2020-06-22 21:49:03',NULL),
(301,279,'CFyDyBF7is5ONtvt7jOshAdEaKmeZ8Ej.png',71694,'2020-06-22 21:57:20','2020-06-22 21:57:20',NULL),
(302,280,'Oqh9cTYkzD0FkE5OAiLY1J1d63wlSFMJ.jpg',94000,'2020-06-22 21:59:43','2020-06-22 21:59:43',NULL),
(303,281,'WcYgCWzG9n37ZtKdVGT9DjZM1iAszcxl.jpg',46561,'2020-06-22 22:01:22','2020-06-22 22:01:22',NULL),
(304,282,'Fmd21dwtDNeArnA69RInVt7Mv3ZwS8vI.png',132132,'2020-06-22 22:02:31','2020-06-22 22:02:31',NULL),
(305,283,'81aJUvDZ2oj6kMJTt2KRKQk6n03thyYG.png',71529,'2020-06-22 22:03:44','2020-06-22 22:03:44',NULL),
(306,284,'mibwkmd8Y2ksCno8I8P2CrMj98POlW8O.jpg',75589,'2020-06-22 22:16:58','2020-06-22 22:17:48','2020-06-22 22:17:48'),
(307,284,'QpckOz4DxPjokYulKWQ5aKVJrjzaINsU.png',71319,'2020-06-22 22:17:48','2020-06-22 22:17:48',NULL),
(308,285,'zcQVXjLRNz3a8L91bCaYSzUyYPwFQKuB.jpg',60543,'2020-06-22 22:48:24','2020-06-22 22:48:24',NULL),
(309,286,'HDBYwqmSJaVBjC2FI9gZ8HcM2AYFB9SQ.jpg',92153,'2020-06-22 22:50:14','2020-06-22 22:50:14',NULL),
(310,287,'UeJ9AbRJIQ8ywFuwG7qCwgwVf84IUkWL.jpg',201616,'2020-06-22 22:57:01','2020-06-22 22:57:01',NULL),
(311,288,'oCFQ61OMZ8zZ0KqlGXw3zRmAIe4szrKU.png',109427,'2020-06-22 23:01:02','2020-06-22 23:01:02',NULL),
(312,289,'Sj0iL90IOAEY0otE20kW6I2DsPwC3EOx.jpg',96424,'2020-06-22 23:03:35','2020-06-22 23:03:35',NULL),
(313,290,'nJnrk9Wk6SUCxI6LdUEqQpXGDgeWviCW.jpg',57643,'2020-06-22 23:08:54','2020-06-22 23:08:54',NULL),
(314,291,'wKRR1s27OqveNvhHRd21TAFgrQk8Idvq.png',152147,'2020-06-22 23:09:36','2020-06-22 23:09:36',NULL),
(315,292,'v2WDCMyvF2BcSdrctHzT6QA3614njmjv.jpeg',70540,'2020-06-23 08:06:08','2020-06-23 08:06:08',NULL),
(316,293,'d2G9nFfxZzRfvqhFy8VULhDGtSQmtOFN.png',149636,'2020-06-23 08:09:15','2020-06-23 08:09:15',NULL),
(317,294,'7p7FoL26FP0Q30s4HS6OXBL4hyeplN3I.jpg',95155,'2020-06-23 08:11:07','2020-06-23 08:11:07',NULL),
(318,295,'psKEcJsQVmoKmv08GGra9ZmKRgWLD4oU.jpg',34624,'2020-06-23 08:11:24','2020-06-23 08:11:24',NULL),
(319,296,'xfeAhbo3orouX3M7EOmqKpvYxXYhnGjt.jpg',28668,'2020-06-23 08:12:07','2020-06-23 08:12:07',NULL),
(320,297,'Iprw7TTy8CGXEy8P6hDpvmLH5GCjgwbY.jpg',31632,'2020-06-23 08:22:49','2020-06-23 08:22:49',NULL),
(321,298,'rppGCyBxaUqHEa1vMl56dqJ0kwMH4kY7.png',108302,'2020-06-23 08:24:03','2020-06-23 08:24:03',NULL),
(322,299,'rs1hk3qmzricVG799PL4lCnWC5TtHkbG.jpg',29670,'2020-06-23 08:27:06','2020-06-23 08:27:06',NULL),
(323,300,'pQZDLkc1mCnGfqAujaeIn0c91irHlbwl.jpg',32460,'2020-06-23 08:35:51','2020-06-23 08:35:51',NULL),
(324,301,'IjBZ6pyjdoP38HRhQbsQJfkcKRZU96tK.jpg',59292,'2020-06-23 08:47:23','2020-06-23 08:47:23',NULL),
(325,302,'UpoIommMWu22LQGfSSikOO0x4kOPTAlj.png',790290,'2020-06-23 08:55:41','2020-06-23 08:55:41',NULL),
(326,303,'aTtmZqoaLdqKsxSkk6ZGiQg4bLcO6Yse.jpeg',33069,'2020-06-23 08:57:11','2020-06-23 08:57:11',NULL),
(327,304,'FKh4YWsk8qyAOBVtAQUQzs83G7f8AMqL.jpg',72752,'2020-06-23 08:57:28','2020-06-23 08:57:28',NULL),
(328,305,'SonT8C49jnB69Y031OUWg4j1xKvbUDHE.jpg',59802,'2020-06-23 08:58:22','2020-06-23 08:58:22',NULL),
(329,306,'ku17iEI8ehhK6fYpMyhuk1jSFahvYbid.jpg',68089,'2020-06-23 09:34:42','2020-06-23 09:34:42',NULL),
(330,307,'7mq9GNl3SIN1prlwToyAO4JbVU7wmA2Q.png',128473,'2020-06-23 09:43:25','2020-06-23 09:44:11','2020-06-23 09:44:11'),
(331,307,'lTp33JhXFHCQ10MCGjehkVaEH2ntJdz4.png',128473,'2020-06-23 09:44:11','2020-06-23 16:15:59','2020-06-23 16:15:59'),
(332,308,'TCti0sPtRtbqLWPMx258HKCPdACn7JQW.jpg',111007,'2020-06-23 09:53:39','2020-06-23 09:53:39',NULL),
(333,309,'SVT4ScQWicp5kbVjhN7s6cMzJxHafrsf.jpg',108031,'2020-06-23 09:59:32','2020-06-23 09:59:32',NULL),
(334,310,'6eZiZq6w3ZcTMGVvCnm90PVgQaCkacyp.png',80303,'2020-06-23 11:20:44','2020-06-23 11:20:44',NULL),
(335,311,'OpU3M6phJBZSO3V3dG1KBQPlR3XdU4Rd.jpg',31003,'2020-06-23 11:46:48','2020-06-23 11:46:48',NULL),
(336,312,'N4m08R0d2w28h4LON1HSXP6rXXQ9qX0e.jpg',29132,'2020-06-23 11:47:06','2020-06-23 11:47:06',NULL),
(337,313,'AMS1rbA8LDDIvzETMNBMDMItksxCgutB.jpg',145778,'2020-06-23 11:48:27','2020-06-23 11:48:27',NULL),
(338,314,'aIESQns3DQrQnT3a6gi1wEmQw07VHueq.png',121657,'2020-06-23 11:49:37','2020-06-23 11:49:37',NULL),
(339,315,'j2jKwmuT9yXGos4iPeeZBB4sPGDoF2wg.png',126339,'2020-06-23 11:49:50','2020-06-23 11:49:50',NULL),
(340,316,'IYDpnxXUkjwjUTEivdStBhFSQdcFSyYJ.jpg',68622,'2020-06-23 12:58:39','2020-06-23 12:58:39',NULL),
(341,317,'JpMBUQWZggwECVaGYAblARVAez49NZMd.jpg',52946,'2020-06-23 13:02:34','2020-06-23 13:02:34',NULL),
(342,318,'I1oP4Yy6o6AmIIxdlaZdVMEqkPBSgBll.jpg',64090,'2020-06-23 13:28:49','2020-06-23 13:28:49',NULL),
(343,319,'8gv1UMjO0RSF37NH7vGHyh8sOco3zxEY.jpg',59730,'2020-06-23 13:30:02','2020-06-23 13:30:02',NULL),
(344,321,'lFyYt5RrVGpWm0Hq8ZIweGk8zJIoW55E.png',121402,'2020-06-23 13:52:03','2020-06-23 13:52:03',NULL),
(345,322,'CRZHhjRmUvQJXiuGcedSjeZbyL09tj6U.jpg',57780,'2020-06-23 13:53:15','2020-06-23 13:53:15',NULL),
(346,323,'nluA8KW7OSSCBqm8jYeKzABH6BykmbKc.jpg',58750,'2020-06-23 13:53:42','2020-06-23 13:53:42',NULL),
(347,324,'jT6lVAIbxjZNWwtJqDUAad1tZsQEci9K.png',100925,'2020-06-23 14:09:37','2020-06-23 14:09:37',NULL),
(348,325,'Xl3o1YapqnlxgdvYTh69d1HOM375BMNo.png',100925,'2020-06-23 14:09:53','2020-06-23 14:09:53',NULL),
(349,326,'e533j4BDoeF5jffPkSXYo4g2rNSxF9uw.jpg',55474,'2020-06-23 14:45:36','2020-06-23 14:45:36',NULL),
(350,327,'6uI6kCvkCcxfdrbhletLEX0QvU81v7vr.jpg',111479,'2020-06-23 15:02:47','2020-06-23 15:02:47',NULL),
(351,328,'ZwJNTuKaol1jJlSplCswG47GcyvpHHeT.jpg',68361,'2020-06-23 15:31:10','2020-06-23 15:31:10',NULL),
(352,307,'WdsAi7uOyFrK18z5a6LXHSTVOs870HNs.png',104651,'2020-06-23 16:15:59','2020-06-23 16:15:59',NULL),
(353,329,'xwcLsCmkHGNtDEMMpL4b9U7MNZsXwm2W.png',104651,'2020-06-23 16:16:46','2020-06-23 16:16:46',NULL),
(354,330,'iHDETanKnfXrN8SVCiGYxhyMDM5oV3tJ.jpg',57282,'2020-06-23 18:42:40','2020-06-23 18:42:40',NULL),
(355,331,'fi45VVAzPBSwdZGnxSG9WMmRISrwCBmi.png',106654,'2020-06-29 14:20:31','2020-06-29 14:20:31',NULL),
(356,332,'VP51BevnYp49JPhde56YcRR6O0uthKz3.png',169078,'2020-06-29 14:20:40','2020-06-29 14:20:40',NULL),
(357,333,'WcKL6AJzRpuYdXcPZwQUXBFRyrxORL66.png',64156,'2020-06-29 14:20:49','2020-06-29 14:20:49',NULL),
(358,334,'XC1kPrmUuskYR2lKJo1nYOv6UZcxJc7J.jpeg',34283,'2020-06-29 14:20:50','2020-06-29 14:20:50',NULL),
(359,335,'Iz1yYyJBHerJtgvoKlpaV4Ym9oKn1GSd.jpg',25687,'2020-06-29 14:22:02','2020-06-29 14:22:02',NULL),
(360,336,'Dahq6p9LjrqJ53ItGFkWbQwsOxnE7IoQ.png',135869,'2020-06-29 14:22:13','2020-06-29 14:22:13',NULL),
(361,337,'xrxirrUgoaVe4ChKriasN70lGQyEK3cU.jpg',59597,'2020-06-29 14:26:49','2020-06-29 14:26:49',NULL),
(362,338,'u2pP2ZOMJGxPaOrITqNtqqIfdJKaGe4h.png',101629,'2020-06-29 14:26:59','2020-06-29 14:26:59',NULL),
(363,339,'Xrw1ssbuuvkkEmVPHAT6n2s9HIIaELnE.jpg',30988,'2020-06-29 14:30:30','2020-06-29 14:30:30',NULL),
(364,340,'89AVqWDoL2CTW4c1lqp3xGh2jfQvZZJG.jpg',30891,'2020-06-29 14:30:59','2020-06-29 14:30:59',NULL),
(365,341,'X0v7SW1Hle7cCs7XjDc6NSZppLZ49GC8.jpg',29754,'2020-06-29 14:30:59','2020-06-29 14:30:59',NULL),
(366,342,'3jUY1UZrf9KSY5b9bNLkNlZx7iBRUOVb.jpg',52532,'2020-06-29 14:31:30','2020-06-29 14:31:30',NULL),
(367,343,'ukxhCsPiHVWPeE52LYkTNR7YH6mPtQTD.jpg',37957,'2020-06-29 14:35:18','2020-06-29 14:35:18',NULL),
(368,344,'gSD1cGbMIFWnDH2EbQs6ceZ82LqsErai.jpg',57027,'2020-06-29 14:41:44','2020-06-29 14:41:44',NULL),
(369,345,'CGrtJ6jtbxLgW7OezIHxWTAjPepeDZZl.png',90601,'2020-06-29 14:43:03','2020-06-29 14:43:03',NULL),
(370,346,'FEx40fytHMLwlPRhpUR2UUv5p57Kre68.jpg',59692,'2020-06-29 14:43:44','2020-06-29 14:43:44',NULL),
(371,347,'gNqsi7fYVUvB3jXljTm0nz3ZTziekEo0.png',188291,'2020-06-29 14:44:03','2020-06-29 14:44:03',NULL),
(372,348,'kCFzXJ1GiPnZwCXxbsO0msqeGwsljfny.jpg',60901,'2020-06-29 14:49:15','2020-06-29 14:49:15',NULL),
(373,349,'7FT63yeDhOTsyDcDA4WjMaekIfvqlIlQ.jpg',196601,'2020-06-29 14:53:30','2020-06-29 14:53:30',NULL),
(374,350,'fDR3ijWbcSnunlQmvQhpWIflAbHJI2F5.png',103947,'2020-06-29 14:53:42','2020-06-29 14:53:42',NULL),
(375,351,'wtq2svggkhSvBuvgLoAeyHDsibik6Sxi.jpg',56330,'2020-06-29 14:53:55','2020-06-29 14:53:55',NULL),
(376,352,'aSrIQ4vnGpNtexin0xxYYliK11Ssnsde.png',117039,'2020-06-29 14:58:49','2020-06-29 14:58:49',NULL),
(377,353,'4N2cdgpUfT4NbXTctVoT6qniXWNX2hdP.jpg',56875,'2020-06-29 15:11:46','2020-06-29 15:11:46',NULL),
(378,354,'vCXlWfKCwyC3nKBIfnvYpc4bvulbh2Y5.jpg',76866,'2020-06-29 15:23:11','2020-06-29 15:23:11',NULL),
(379,355,'m72BerkvHkCUyYrSRwrX0WFqigch8ryX.jpg',59375,'2020-06-29 15:26:06','2020-06-29 15:26:06',NULL),
(380,356,'Rwg0NA9dRPct6xDwBygG3NNE4W2SsKNR.jpg',32966,'2020-06-29 15:35:32','2020-06-29 15:35:32',NULL),
(381,358,'07IfXADRecsYcc9CNDJeyzJ0KvgkJUhI.jpeg',70582,'2020-06-29 17:12:56','2020-06-29 17:12:56',NULL),
(382,359,'vopmBK7VnRcHtXCcDsmo6WtKamtl0Bav.jpg',57116,'2020-06-29 17:38:42','2020-06-29 17:38:42',NULL),
(383,360,'Mb3gXAuIeayTFH56lbSXjQAcI77YUgZG.jpg',61237,'2020-06-29 18:00:09','2020-06-29 18:00:09',NULL),
(384,357,'ZMMEliZHkpc8uWh9OyFn2s3vLgCxsOCl.jpg',129751,'2020-06-29 18:24:18','2020-06-29 18:24:18',NULL),
(385,361,'J4dwcA4z4RjrqWyrYNOfauDYvNJTJUyn.png',135228,'2020-06-29 20:17:47','2020-06-29 20:17:47',NULL),
(386,362,'ZBqmj1vuQsOx85fUoYl5pDSOA6aiTz4B.png',100718,'2020-06-30 08:55:00','2020-06-30 08:55:00',NULL),
(387,363,'Tpwzh0THvoeXsUeu6B5njw8FILAuODx4.jpg',32972,'2020-06-30 09:00:31','2020-06-30 09:00:31',NULL),
(388,364,'YQZVMPO66tETdnloODllCLj3SuFn8VhY.jpg',620084,'2020-06-30 09:01:41','2020-06-30 09:01:41',NULL),
(389,364,'vvfJGTduYW7eTaUVcujUZ6upk8d7IQ0v.jpg',107446,'2020-06-30 09:01:41','2020-06-30 09:01:41',NULL),
(390,365,'zXhfwbZEFAnRZ9FII0JumxFP7JpdNLsz.jpg',107446,'2020-06-30 09:02:14','2020-06-30 09:02:14',NULL),
(391,366,'kBZwQP1Q6277OF6kVp0WOPYP3qq4LkYP.jpg',64237,'2020-06-30 09:02:31','2020-06-30 09:02:31',NULL),
(392,367,'gySF1TFQJnvBwj4cf2vMRwZgC92IliZr.png',123607,'2020-06-30 09:04:25','2020-06-30 09:04:25',NULL),
(393,368,'Rc5rItOUyKy4KSwbjSrN0xBA9imfxGbL.jpg',30440,'2020-06-30 09:04:55','2020-06-30 09:04:55',NULL),
(394,369,'Du9OHwsKLnCllW21npE3rkIz8SlzR9pV.png',257269,'2020-06-30 09:05:19','2020-06-30 09:05:19',NULL),
(395,370,'4lECdyxVkPpmEVDGIfTwfyQTz7HblP5W.jpg',52183,'2020-06-30 09:05:50','2020-06-30 09:05:50',NULL),
(396,371,'TESUIz3JsHQDPNsUNsB6y3mgigOaiUGl.png',123561,'2020-06-30 09:06:19','2020-06-30 09:06:19',NULL),
(397,372,'qE4q1zZAoR52yc7n4gpoFWNILMhjBFZt.jpg',30027,'2020-06-30 10:03:05','2020-06-30 10:03:05',NULL),
(398,373,'NTBhBwonI7zPtm0zAjsnwzkvCSiqhzXG.jpg',54644,'2020-06-30 10:48:22','2020-06-30 10:48:22',NULL),
(399,374,'11M9xZznI9gVvCRroj6WzmSDwZB1RaWM.jpg',117057,'2020-06-30 11:07:26','2020-06-30 11:07:26',NULL),
(400,375,'ImxhDl3eBWXhv7AnKYwpN0yOhncGx7iW.jpg',146732,'2020-06-30 12:09:15','2020-06-30 12:09:15',NULL),
(401,376,'HjkUDFBm5ktoHuYhYZ05ere0QLTdbC6H.jpeg',32844,'2020-06-30 12:12:13','2020-06-30 12:12:16','2020-06-30 12:12:16'),
(402,376,'JXsMNsA96KzSV6y43krXsjO0ddusIxDt.jpeg',32844,'2020-06-30 12:12:16','2020-06-30 12:12:16',NULL),
(403,377,'2wtHadDPPFhc3omnJv2ejybPzXtqn1h5.jpg',97591,'2020-06-30 16:06:34','2020-06-30 16:06:34',NULL),
(404,378,'8n7JYegCJF496WguapNbUK0ehiP4ilsZ.jpg',50783,'2020-06-30 16:15:46','2020-06-30 16:15:46',NULL),
(405,379,'rCEzTnAS0VOiCb9JxXeyNsh2JbSmbHXU.jpg',57174,'2020-06-30 17:05:55','2020-06-30 17:05:55',NULL),
(406,380,'n026YNpHd848UNP3faIK916kXJV82M8t.png',174160,'2020-07-06 15:07:08','2020-07-06 15:07:08',NULL),
(407,381,'z2tZqheR7OjFlv9MmuFnuo1GMoCsCtXF.jpg',59380,'2020-07-06 15:09:23','2020-07-06 15:09:23',NULL),
(408,382,'Wnvr9bnaWMM5vZ8xaPIIRvj9SpS0nXwq.jpeg',35085,'2020-07-06 15:09:58','2020-07-06 15:09:58',NULL),
(409,383,'XlWvSx8BKb4itRHGOgT0QdQxKB5FCrbH.png',104300,'2020-07-06 15:10:22','2020-07-06 15:10:22',NULL),
(410,384,'P5bbDiN7FcyX1H54uHypVQwt4NKLP0aW.png',64211,'2020-07-06 15:11:48','2020-07-06 15:11:48',NULL),
(411,385,'Jez6OQ43jiwmJnrfgh6Kyqb7kuuOX2V1.jpg',53231,'2020-07-06 15:20:55','2020-07-06 15:20:55',NULL),
(412,386,'CuMUGbVZW5BMDdUhRMMtARJtMWomdufr.jpg',30136,'2020-07-06 15:21:05','2020-07-06 15:21:05',NULL),
(413,387,'yt1HVYXdHfXobnYmLCoDxBIp4Eq0WQ0K.jpg',37668,'2020-07-06 15:22:30','2020-07-06 15:22:30',NULL),
(414,388,'y6EfBDroYGdhEZrZQrCvvWwWMZScjjbd.jpg',61241,'2020-07-06 15:22:57','2020-07-06 15:22:57',NULL),
(415,389,'g9fm5l0uG4wNHNKejVJ6hCIKXwmwnppi.jpg',23263,'2020-07-06 15:25:29','2020-07-06 15:25:29',NULL),
(416,390,'sc1RN8JTQUTfqlblDQBH8q5po6KquRo6.jpg',56520,'2020-07-06 15:26:20','2020-07-06 15:26:20',NULL),
(417,391,'GYM1ge4lvyeYz5u28IjNILOu7D8YE9a4.jpg',194969,'2020-07-06 15:27:35','2020-07-06 15:27:35',NULL),
(418,392,'x7YpI5HPaXhLD2q0ClnV0M1tE5kI5xrQ.png',103762,'2020-07-06 15:28:01','2020-07-06 15:28:01',NULL),
(419,393,'jC3ugpv1bo4ey7WRCACAnDWdetFO6a1R.jpg',51552,'2020-07-06 15:31:25','2020-07-06 15:31:25',NULL),
(420,394,'hxoOxtksReqUOsEdcCjaco0d5Vp3gGNI.jpg',27921,'2020-07-06 15:38:27','2020-07-06 15:38:27',NULL),
(421,395,'h5MtdaD79C1HeC0vy242KrpGxS2OIJzV.png',106023,'2020-07-06 15:48:01','2020-07-06 15:48:01',NULL),
(422,396,'p4X8lOyaOEdnvUbALGMFYWNiL5fWHpkP.jpg',29100,'2020-07-06 15:49:15','2020-07-06 15:49:15',NULL),
(423,397,'8CViqPshIGCiIR4zgZMVj1HIkD5C0yCU.png',139740,'2020-07-06 15:51:25','2020-07-06 15:51:25',NULL),
(424,398,'MhjpmosCIw1t09ekJaEk0iVbnMKywIW9.jpg',99335,'2020-07-06 15:59:28','2020-07-06 15:59:28',NULL),
(425,399,'vPglBD0nbZaN2qXovDOaTdcyV72ZfGJG.png',227087,'2020-07-06 16:28:27','2020-07-06 16:28:27',NULL),
(426,400,'OKhZz1COvwHlivatpTxPH2qsPveDgUCg.jpeg',32058,'2020-07-06 16:28:57','2020-07-06 16:28:57',NULL),
(427,401,'ttkZcyRhrCxpWlIQheKJjObs42S9ElUs.jpg',108939,'2020-07-06 16:29:03','2020-07-06 16:29:03',NULL),
(428,402,'SY4xwUvXmqoAm9NGxsVTK6KW7oASbB4i.jpg',31795,'2020-07-06 16:31:55','2020-07-06 16:31:55',NULL),
(429,403,'1KtvyEYl1r6bvZ5iMZfLL2cY3SupseQL.jpg',60645,'2020-07-06 16:50:27','2020-07-06 16:50:27',NULL),
(430,404,'TjjjD8vbuebYEaYrr8DjZIkeIzk0vIs0.jpg',55972,'2020-07-06 17:00:50','2020-07-06 17:00:50',NULL),
(431,405,'3agXEEq3t8j9kXtbXsyv6GsoOIbhkLBP.jpg',55916,'2020-07-06 17:47:45','2020-07-06 17:47:59','2020-07-06 17:47:59'),
(432,405,'i8u1NawJeySv9Os0oyja3vRE4Wah5M2x.jpg',55916,'2020-07-06 17:47:59','2020-07-06 17:47:59',NULL),
(433,406,'96EqU7UL88gkejONuFkiTP83CzZBiXE0.jpg',31438,'2020-07-06 18:47:13','2020-07-06 18:47:13',NULL),
(434,407,'TwgknQOfky7uRhXw0PVeMVWDUxWZThDV.jpg',59570,'2020-07-06 19:04:42','2020-07-06 19:04:42',NULL),
(435,408,'patIb9AiypI90g9TLPZgCs0jnJXzZg4N.png',96889,'2020-07-06 19:48:06','2020-07-06 19:48:06',NULL),
(436,409,'QGWQW3KwhQdPOlesmQnQBbffBZxFnkrs.png',132062,'2020-07-06 20:18:45','2020-07-06 20:18:45',NULL),
(437,410,'qx3sHlAtJ5f7RlchAPYTPscNhushjEFI.png',56734,'2020-07-06 20:53:40','2020-07-06 20:53:40',NULL),
(438,411,'E0kYIaDtULqvgvQbGRSN4grhJ6RYKIaI.jpg',57222,'2020-07-06 21:35:02','2020-07-06 21:35:02',NULL),
(439,412,'Q7UInEyXJg3hlvNQXMM0rVo8hy6X25hj.jpg',121271,'2020-07-06 22:23:21','2020-07-06 22:23:21',NULL),
(440,413,'GE1RU271cXY8KTaMKZooetDAPR4R0AJ3.png',96497,'2020-07-06 22:37:11','2020-07-06 22:37:11',NULL),
(441,414,'auaQF201yQzbbYUrgOy0wp4JlYxDKfQF.jpg',56959,'2020-07-07 08:01:37','2020-07-07 08:01:37',NULL),
(442,415,'wKvOEC0QsRF2XpTHKc7TsId1RYr9ihCC.jpg',32283,'2020-07-07 11:52:30','2020-07-07 11:52:30',NULL),
(443,416,'f20he2ru1Cp8g6aWAlqZL0betNpNqh9m.jpg',57097,'2020-07-07 11:58:25','2020-07-07 11:58:25',NULL),
(444,417,'f2AFLXKteSxrGPww25joNuqdkBzahBZM.png',76928,'2020-07-07 12:15:42','2020-07-07 12:15:42',NULL),
(445,418,'CRq24ZJ8ybv33HBBUVuOAjVrzrFEJWHK.jpeg',69764,'2020-07-07 12:37:49','2020-07-07 12:37:49',NULL),
(446,419,'PusEoi80gq6sv4sMQcSqlf0XIfGgBzD9.jpg',52183,'2020-07-07 13:11:18','2020-07-07 13:11:18',NULL),
(447,420,'pegg5DyqOitlN5cTgdcYpPB9Sc6q7Gfb.jpg',122341,'2020-07-07 13:51:05','2020-07-07 13:51:05',NULL),
(448,420,'JMaR106uOCD0gFiLX34UVF40SPa91PER.jpg',34357,'2020-07-07 13:51:05','2020-07-07 13:51:05',NULL),
(449,421,'mVeufJYx2GVr9VgLzaRpAM3nVN2CzBt2.jpg',38391,'2020-07-07 13:51:46','2020-07-07 13:51:46',NULL),
(450,422,'9PcL3VjkJvGkm5qmIMmF5VfjUdW6lKup.jpg',106657,'2020-07-07 14:40:18','2020-07-07 14:40:18',NULL),
(451,423,'EZTja4RpZoCJ335nX6McdI07MPE2E6BT.jpg',63069,'2020-07-07 14:44:31','2020-07-07 14:44:31',NULL),
(452,424,'Yb3Dg1Lu9NMZUIfgkek1fzFSz4de2Ao7.jpg',57335,'2020-07-07 15:10:04','2020-07-07 15:10:04',NULL),
(453,425,'fus2FSWLkBFG6MKFsLHKMjQy3ph7jbIm.png',122392,'2020-07-07 15:17:20','2020-07-07 15:17:20',NULL),
(454,426,'Q2IajxWN6AxEvVqG9wqNQzAE8bJbiGod.jpg',60158,'2020-07-07 15:56:29','2020-07-07 15:56:29',NULL),
(455,427,'Sz0B5Ja2LTIzQl7dpia8A6e4qzXKmu8J.png',167757,'2020-07-13 14:44:32','2020-07-13 14:44:32',NULL),
(456,428,'PfvkkVUAyFic9jirCN5ybhltLymXCz4w.png',134380,'2020-07-13 14:49:02','2020-07-13 14:49:02',NULL),
(457,429,'51cKc8R09vq0UWO4faXbGVjFBPhZd4c9.png',62185,'2020-07-13 14:52:23','2020-07-13 14:52:23',NULL),
(458,430,'Q4TMByzghv6GtaOro4AdW7rYhyAWfM7o.jpeg',33042,'2020-07-13 14:55:56','2020-07-13 14:55:56',NULL),
(459,431,'1qvxV1rUKGBgt6LzDzDmqbVtHHhdar8f.jpg',74917,'2020-07-13 14:58:07','2020-07-13 14:58:07',NULL),
(460,432,'BhpvNJdOXmYDyT3zuJjwdesrbvDEBuyZ.jpg',194708,'2020-07-13 15:00:50','2020-07-13 15:00:50',NULL),
(461,433,'No8kYhN3UJiRb7znxBGGTy5erX0YTP1u.jpg',55538,'2020-07-13 15:05:52','2020-07-13 15:05:52',NULL),
(462,434,'1bVTjymozHI0IMOrivC4xdhwUMc3a60I.jpg',57604,'2020-07-13 15:06:23','2020-07-13 15:06:23',NULL),
(463,435,'hFkO6exuyEsdYPPyEg4Sox1r3B6BE1tf.jpg',59279,'2020-07-13 15:08:41','2020-07-13 15:08:53','2020-07-13 15:08:53'),
(464,435,'ASRQv0opmeNTzaMyIZ13iPpJwVN8Kgpy.jpg',59279,'2020-07-13 15:08:53','2020-07-13 15:08:53',NULL),
(465,436,'dx6Ad8L5migTBCeYnJ1jqLO02DutjFCB.jpg',128039,'2020-07-13 15:09:18','2020-07-13 15:09:18',NULL),
(466,437,'MMdOd6ewNGXEPwzcYT24ijeJJ3SS8mVu.jpeg',32720,'2020-07-13 15:54:06','2020-07-13 15:54:06',NULL),
(467,438,'B8inr8ZOXIYHhOopWsh3eiF2DFjdfj6E.jpg',53807,'2020-07-13 16:03:29','2020-07-13 16:03:29',NULL),
(468,439,'yb5lh5hxkRdEIQ8rYn8vJRTwA08KIVYr.jpeg',53014,'2020-07-13 16:30:41','2020-07-13 16:30:41',NULL),
(469,440,'iuMW8TEerbwMGK83rQSYpceJfvhQNl0N.png',91694,'2020-07-13 16:40:20','2020-07-13 16:40:20',NULL),
(470,441,'sfWCn10cqy5qhgn7eXFuT5qua6Bq0aUa.jpg',54600,'2020-07-13 17:02:32','2020-07-13 17:02:32',NULL),
(471,442,'yMeXlCFIZrpSqtp7oqgwRGmVsWk6y0hg.jpg',31625,'2020-07-13 17:23:41','2020-07-13 17:23:44','2020-07-13 17:23:44'),
(472,442,'LLqSMiwtnk2VDGDa64xkYOl2c3knOMGi.jpg',31625,'2020-07-13 17:23:44','2020-07-13 17:23:44',NULL),
(473,443,'Mb2QPaa16mvIy9Qqw8KukAM9Kl7Q0MRR.jpg',58921,'2020-07-13 17:27:22','2020-07-13 17:27:22',NULL),
(474,444,'WCgO18K2y2L6cxQaO6hxNm0TMG3zuN92.jpg',57193,'2020-07-13 17:41:53','2020-07-13 17:41:53',NULL),
(475,445,'MctRdSdsd8wqKhHGibt5bvUf2uBglThp.jpg',25178,'2020-07-13 18:11:37','2020-07-13 18:11:37',NULL),
(476,446,'blAViYXrCgtfXvkyjg8bgGsEP69rLE2H.png',125893,'2020-07-13 18:21:37','2020-07-13 18:21:37',NULL),
(477,447,'byXV9s1Jtoaf11mNv0f3Z6BJiFqMFQ5L.jpg',56378,'2020-07-13 20:14:41','2020-07-13 20:14:41',NULL),
(478,448,'mmz6e0VhKEBXxCk1kw5PgISTWN3PzJRr.jpg',52015,'2020-07-13 20:22:18','2020-07-13 20:22:18',NULL),
(479,449,'bgaTdfmwrpEgnvO6Q46d4QCrmRD7voZS.jpg',55825,'2020-07-14 00:05:16','2020-07-14 00:05:16',NULL),
(480,450,'LywcSd37rDH2ag4hP2jGTh9PLqgRxRKx.png',98966,'2020-07-14 02:14:58','2020-07-14 02:14:58',NULL),
(481,451,'G05YubygtSLB8vIIfzfX4Xu414e84hKp.jpg',26341,'2020-07-14 10:17:07','2020-07-14 10:17:07',NULL),
(482,452,'3kq5q78wCWxLhaTWE6XRewNH718PWXxU.jpg',49582,'2020-07-14 10:25:37','2020-07-14 10:25:37',NULL),
(483,453,'bfixNUnvi9O3IT3kzSd2zcXnUwqOSYiR.png',255010,'2020-07-14 10:25:47','2020-07-14 10:25:47',NULL),
(484,454,'WdVB1XZGaD1YdFfVGU5CindZDTzuLChd.png',88701,'2020-07-14 10:34:03','2020-07-14 10:34:03',NULL),
(485,455,'H44zJ6KN4e9mx9n4484gLQSD0zikH1HG.jpg',30505,'2020-07-14 10:43:29','2020-07-14 10:43:29',NULL),
(486,456,'0klqYqehmDFRJ2RYr5hr4Akan9XgyZKF.jpg',61473,'2020-07-14 10:48:08','2020-07-14 10:48:08',NULL),
(487,457,'5bbbK1VPqRdBAIN3KMqfo0dke07QXL7C.jpg',141799,'2020-07-14 11:08:36','2020-07-14 11:08:36',NULL),
(488,458,'aOxw6GTyyETYYOmBXDwoAhx95ayxzFnA.jpg',27273,'2020-07-14 11:38:22','2020-07-14 11:38:22',NULL),
(489,459,'0pH69dMhpu1OZxBBdIxCZsLMaJL35Ro1.jpg',35162,'2020-07-14 12:05:48','2020-07-14 12:05:48',NULL),
(490,460,'gfslZjSeSUrZUTZG8RdMsIZHEbl0jxxE.png',100484,'2020-07-14 12:06:49','2020-07-14 12:06:49',NULL),
(491,461,'wWEgSq268UgEWkwHmSoTasQaU5S8hqh9.jpg',104508,'2020-07-14 12:12:41','2020-07-14 12:12:41',NULL),
(492,462,'cjnbtTeYfsKDHxDcFUZVFMmZTFc8bm3c.jpg',57205,'2020-07-14 13:39:21','2020-07-14 13:39:21',NULL),
(493,463,'VC2boRHTX82zfUSF5l96xV42a15cL98T.png',195468,'2020-07-14 13:44:07','2020-07-14 13:44:07',NULL),
(494,464,'yNyhBYVDaC2FoF82sV3PBwMIKM7ZFQ1I.jpg',38660,'2020-07-14 13:45:55','2020-07-14 13:45:55',NULL),
(495,465,'mAJCb20IxdlcHwX44bBiU0qs21YI3DaX.jpg',29382,'2020-07-14 14:04:13','2020-07-14 14:04:13',NULL),
(496,466,'EUDI8akpRxrGiPyWFjbT6zw2ZF0oGOwD.jpg',95653,'2020-07-14 16:21:57','2020-07-14 16:21:57',NULL),
(497,467,'Ztw8u01gZCawhNZvfMJ3tawcU3kwhBhS.jpeg',71772,'2020-07-15 01:52:12','2020-07-15 01:52:12',NULL),
(498,468,'AkFfYaHDIyAtk99M4F6S9eXa1yVV2kkI.png',80046,'2020-07-15 08:03:48','2020-07-15 08:03:48',NULL),
(499,469,'cPGw5LFEv2okMK7Y2keNj699DiEbi5mY.jpg',161511,'2020-07-15 12:18:18','2020-07-15 12:18:18',NULL),
(500,470,'Q0YPvplkOtcOBWuMeXF3AFnVV08PY6sP.jpg',207130,'2020-07-15 12:25:49','2020-07-15 12:25:49',NULL),
(501,471,'Cccrb9TYcXNK6UEeOYa2Drk3EPph5DwA.jpg',206596,'2020-07-15 12:27:46','2020-07-15 12:27:46',NULL),
(502,472,'K1HYTy595f2YYV0RhDqGCTk5BhA36mWs.jpg',118768,'2020-07-15 12:28:31','2020-07-15 12:28:31',NULL),
(503,473,'rOSeFjX7OWzeKkYdqP7TbyaOflHMOCr3.jpg',184719,'2020-07-15 12:30:52','2020-07-15 12:30:52',NULL),
(504,474,'huZzDiuS3TcmH54ooreuneAvEx7qx9SW.jpg',123491,'2020-07-15 12:31:00','2020-07-15 12:31:00',NULL),
(505,475,'Tei4T0ktb9VEw5DamZUpmtYp1mbmnNWR.jpg',212461,'2020-07-15 12:32:25','2020-07-15 12:32:25',NULL),
(506,476,'cKgOwAJeH1eOfG6vUJpAw1plVfKdr9I5.jpg',131292,'2020-07-15 12:35:56','2020-07-15 12:35:56',NULL),
(507,477,'6Svok1o3UUZxp2mI2JYPVFzLIoR7DimQ.jpg',140952,'2020-07-15 12:36:52','2020-07-15 12:37:00','2020-07-15 12:37:00'),
(508,477,'iBzTFd8LKG8M7K1uy4UrDNSzobBiucDu.jpg',140952,'2020-07-15 12:37:00','2020-07-15 12:37:00',NULL),
(509,478,'Ozk1O3hWY1xz3l7CYJNABaxZGi3vFCc5.jpg',205055,'2020-07-15 12:37:35','2020-07-15 12:37:35',NULL),
(510,479,'VRzlgmk2Zal0aKsUgByzVlAKsTH2ERSC.jpg',140380,'2020-07-15 12:39:03','2020-07-15 12:39:03',NULL),
(511,480,'HmQ892iTAaFIHfEgUOBHzECS3LbpSFAk.png',284649,'2020-07-15 12:47:49','2020-07-15 12:47:49',NULL),
(512,481,'XsbpYcDTMxAuxQY9L9YWJRGNn1Yo942a.jpg',171352,'2020-07-15 13:13:41','2020-07-15 13:13:41',NULL),
(513,482,'cuf7ADZ0NLhlIMR0pyGOQ2X0NYGTk7VJ.jpg',72993,'2020-07-15 13:13:58','2020-07-15 13:13:58',NULL),
(514,483,'PwU3tucM3cSaPryHPYCEZS0AC21ymWPn.jpg',172660,'2020-07-15 13:19:36','2020-07-15 13:19:36',NULL),
(515,484,'UXfRfGm44RUFYRAQ326Bdwr7rFne0vce.jpg',145357,'2020-07-15 13:21:25','2020-07-15 13:21:25',NULL),
(516,485,'V4PkoztIVF84gZVjxLsHIXL9Kl4Nfwrb.jpg',159509,'2020-07-15 13:23:44','2020-07-15 13:23:44',NULL),
(517,486,'oClnqs9qWwjtMRumAIYqJEnNxKsB6dzo.png',176526,'2020-07-15 13:24:17','2020-07-15 13:24:17',NULL),
(518,487,'QKbdijg0ejbktz8NhtcgMLjFddKv2UwD.png',127369,'2020-07-15 14:19:46','2020-07-15 14:19:46',NULL),
(519,488,'EBY2CsUyPyaPEiSd6l5RM4snDPIFKjy0.jpg',218981,'2020-07-15 14:31:07','2020-07-15 14:31:07',NULL),
(520,489,'Ub4Z8a6OMzRKXxIuxMzf3ChJDwfnaEO0.jpg',204592,'2020-07-15 17:45:33','2020-07-15 17:45:33',NULL),
(521,490,'XhkyDMokNHLXN1jebyJtzYYn6cAK596n.png',172937,'2020-07-15 18:23:30','2020-07-15 18:23:30',NULL),
(522,491,'QMUCZllTdkATHn3yYh2IhWkHS55IHpqW.png',95907,'2020-07-15 19:04:32','2020-07-15 19:04:32',NULL),
(523,492,'dkQGONdSNWrpMu18T6kNa72RRUKz66uH.jpg',215128,'2020-07-15 19:04:57','2020-07-15 19:04:57',NULL),
(524,493,'BOZFJw3chu9LG5eihbVAJm3sSLkk1G2C.jpg',144882,'2020-07-16 10:57:49','2020-07-16 10:57:49',NULL),
(525,494,'WkO7k2VEsnpssaZTg9vgCBNWqUOFSoQb.jpg',211365,'2020-07-16 10:59:12','2020-07-16 10:59:12',NULL),
(526,495,'LhzkZMc128PvimXaX57sbeBTKZYrbVZ5.jpg',129073,'2020-07-16 11:08:41','2020-07-16 11:08:41',NULL),
(527,496,'LGEsIyn984MSGymz9vIqyuhdEXgIFL8Y.jpg',135968,'2020-07-16 11:56:51','2020-07-16 11:56:51',NULL),
(528,497,'Dbh0sW2viijmKOMcDJ2OCY13w1Gd4n8n.png',186679,'2020-07-16 12:30:50','2020-07-16 12:30:50',NULL),
(529,498,'NvBZkHlQwuSdHlkW4JlIWyU52CZ28avy.jpg',209008,'2020-07-16 13:12:22','2020-07-16 13:12:22',NULL),
(530,499,'x4S5XQpAuNm72BrgLZ4MmGdc1Jrl9F1q.jpg',127798,'2020-07-16 13:16:59','2020-07-16 13:16:59',NULL),
(531,500,'MXs0f8T6F7DAOkWqUD1dRNmJAkoU6ZDv.png',130206,'2020-07-16 13:21:51','2020-07-16 13:21:51',NULL),
(532,501,'CHl5ehVMODnlzzIQyagwso6vBUy64o6D.jpg',143790,'2020-07-16 14:05:16','2020-07-16 14:05:16',NULL),
(533,502,'ZzUxBtYe5miKeSkSsenmR2eLnso314h7.jpg',140625,'2020-07-16 14:15:02','2020-07-16 14:15:02',NULL),
(534,503,'58OOZ3yCrs1zg94e5o8gVKODtSSmUG8I.png',145930,'2020-07-16 14:57:37','2020-07-16 14:57:37',NULL),
(535,504,'UAQiru9sYhl9zbZSYASk4alsJZSxT2ub.png',176397,'2020-07-16 15:20:53','2020-07-16 15:20:53',NULL),
(536,505,'2WUmb4lNShwYkPLhpxDALeOn9sqDJeCD.jpg',205397,'2020-07-16 15:25:22','2020-07-16 15:25:22',NULL),
(537,506,'Wqi8MB6xx4h0PoXDfFFSevSnuxzp0bZn.jpg',119917,'2020-07-16 15:39:52','2020-07-16 15:39:52',NULL),
(538,507,'nrP9SCUesDwpAfl8AOghV3lLupkWgiO5.jpg',129014,'2020-07-16 17:02:59','2020-07-16 17:02:59',NULL),
(539,508,'vHXPNCTCGT7Ju3tkei7XfEAbx4FxSuvR.jpg',216723,'2020-07-16 18:27:38','2020-07-16 18:27:38',NULL),
(540,509,'OrI4Ar4Z5Z7tQxB1S95cCRTA33AA8dpX.jpg',124582,'2020-07-17 00:44:02','2020-07-17 00:44:02',NULL),
(541,510,'0UwDrWusgEaARaUTbuo6mpZ1w6PxybxV.png',145930,'2020-07-17 09:48:18','2020-07-17 09:48:18',NULL),
(542,511,'FfkeU9yInHi9ZlX3n4n2Fs4rv2JuXIen.jpg',52323,'2020-07-17 10:02:12','2020-07-17 10:02:12',NULL),
(543,512,'LvowbR4xikqrKAhljnZCKqN8BOk9Dzx4.png',68634,'2020-07-17 11:00:44','2020-07-17 11:00:44',NULL),
(544,513,'h98z3s7WoRiwVZMDT7BiJtK8BnD9Hv2d.jpg',122982,'2020-07-17 11:16:33','2020-07-17 11:16:33',NULL),
(545,514,'4SuQs2pkL4A8wZ0peJN9IlyrxyCuKUJE.jpg',126331,'2020-07-17 11:41:54','2020-07-17 11:41:54',NULL),
(546,515,'fvAniwIYvasaoskVGgTkSdo3hzJKeBaz.png',257457,'2020-07-17 12:09:33','2020-07-17 12:09:33',NULL),
(547,516,'qt7P4oNWHDxEPGuYwchXc57AHcy40YeD.png',177215,'2020-07-17 15:32:56','2020-07-17 15:32:56',NULL),
(548,517,'CQL6lMsknHiSiaIzrt5GjbhbwvFSShyM.png',358052,'2020-07-17 19:41:06','2020-07-17 19:41:06',NULL),
(549,518,'wj9iDAPvb46AP6kxYVWGm9Y2saEFro3F.png',169866,'2020-07-20 18:37:22','2020-07-20 18:37:22',NULL),
(550,519,'OPR3WkxfYYRWqSHghmtYbXTuGndkBexB.jpg',55269,'2020-07-20 18:42:10','2020-07-20 18:42:10',NULL),
(551,520,'46IuGaBUbhCtCtZA82Xrid1YskslS5Q6.jpg',56510,'2020-07-20 18:42:40','2020-07-20 18:42:40',NULL),
(552,521,'B4kugG5cMbAtiOne4XZz9HXQGKZzTOcz.jpg',58346,'2020-07-20 18:42:48','2020-07-20 18:42:52','2020-07-20 18:42:52'),
(553,521,'3nONqEzilMxOo2EpXd9ar1SU2u6POKIa.jpg',58346,'2020-07-20 18:42:52','2020-07-20 18:42:52',NULL),
(554,522,'7RBE9v6rzOk5Vy5GKyAw5NW2pZNfviYC.png',51531,'2020-07-20 18:43:51','2020-07-20 18:43:51',NULL),
(555,523,'eZ7I8GnYPav7w1JQ7VBQmDm6P0OTBsj8.jpg',123541,'2020-07-20 18:51:22','2020-07-20 18:51:28','2020-07-20 18:51:28'),
(556,523,'xqGt9vWo49voBRDnuGgu57BASJ6Og2L1.jpg',123541,'2020-07-20 18:51:28','2020-07-20 18:51:28',NULL),
(557,524,'FAVjagksI4N0wAFpGpWlWiJqzX5U7U4y.jpg',194891,'2020-07-20 18:55:06','2020-07-20 18:55:06',NULL),
(558,525,'TPHs7pdypymKcTvG6sQDWYawGWQnGyzp.jpg',24552,'2020-07-20 18:56:04','2020-07-20 18:56:04',NULL),
(559,526,'dYJCKXKh1YoFHiAfE0m3Ket45poCTnHQ.jpg',59169,'2020-07-20 19:01:07','2020-07-20 19:01:07',NULL),
(560,527,'9z0FmHhDn7rdBcdVsvyALhZcpBDPjQ19.jpg',38660,'2020-07-20 19:01:46','2020-07-20 19:01:46',NULL),
(561,528,'nDeedfOeaWcYRLIwTIC7MCd89cXZp2ev.jpg',59405,'2020-07-20 19:01:48','2020-07-20 19:01:48',NULL),
(562,529,'hg2h3OdRe9SQqRR4syHMVYFLkRyMfWL2.png',64169,'2020-07-20 19:05:12','2020-07-20 19:05:12',NULL),
(563,530,'pIalaY8cP66R2nZw1Qo4XaPK3jrCzdv7.jpg',60939,'2020-07-20 19:05:21','2020-07-20 19:05:21',NULL),
(564,531,'wS2VdxTSHJbNseLiUEUNVwkvuebtCe5U.png',134040,'2020-07-20 19:12:21','2020-07-20 19:12:21',NULL),
(565,532,'ZCtEUuln3M2ZuDZSXUo6t1xBUSjFJz9Z.jpg',60581,'2020-07-20 19:15:28','2020-07-20 19:15:28',NULL),
(566,533,'tTUjZZPftd4JFJowdnBVeIXHI7TwX1c2.jpg',32062,'2020-07-20 19:16:49','2020-07-20 19:16:49',NULL),
(567,534,'m1Is1HYBu8xiZcT4YlQtd14hRRKaN7Dr.png',122032,'2020-07-20 20:27:29','2020-07-20 20:27:35','2020-07-20 20:27:35'),
(568,534,'5kddwFavDrQj8TauXniM49NgoCEVX7n0.png',122032,'2020-07-20 20:27:35','2020-07-20 20:27:35',NULL),
(569,535,'gnbbPYp4qRvjIW4G1r1ng4BlT3sTAkAV.jpg',52390,'2020-07-20 20:33:35','2020-07-20 20:33:35',NULL),
(570,536,'B1iS9U9sWYOhywFZbHPolPLVpIMtZntO.png',103888,'2020-07-20 20:50:46','2020-07-20 20:50:46',NULL),
(571,537,'zNH3DrkTpYL3tEN410HOEwtFIH5JbMUb.jpeg',34618,'2020-07-20 21:01:27','2020-07-20 21:01:27',NULL),
(572,538,'mURUVZpsYkeRqQPej8HQ57jCznnLScIL.png',126135,'2020-07-20 21:16:31','2020-07-20 21:16:31',NULL),
(573,539,'dDGGtvVEGpGSNb7FBTXlhpj2KeH6BR8u.jpg',34688,'2020-07-20 21:21:51','2020-07-20 21:21:51',NULL),
(574,540,'prf8LXBpb5jOzlGH8jVwgoRjhUU5otAX.jpg',32516,'2020-07-20 21:23:38','2020-07-20 21:23:38',NULL),
(575,541,'YnVl0dJLfRx0MZrDQbxf5klNC2nv5HrM.jpg',119390,'2020-07-20 21:54:26','2020-07-20 21:54:26',NULL),
(576,542,'xfFpooYMKWY3sE4ar69nlOCjgbvbHJ50.png',94747,'2020-07-20 22:21:58','2020-07-20 22:21:58',NULL),
(577,543,'1IlDSDTcXYHCEH3KZgboU3WjRQSqyB3n.jpg',50859,'2020-07-21 07:28:44','2020-07-21 07:28:44',NULL),
(578,544,'1mA5STVVwJiJQkbniZArUXZJpi3vrSWU.jpg',57320,'2020-07-21 08:29:18','2020-07-21 08:29:18',NULL),
(579,545,'vpm1Q4OrA2v92XxG2fALepPKvWd3wdV1.jpg',27930,'2020-07-21 09:08:02','2020-07-21 09:08:02',NULL),
(580,546,'2B0UVRvYc1jVU0uIuJ1ADmlVEMEwvY4N.jpg',25265,'2020-07-21 10:40:33','2020-07-21 10:40:33',NULL),
(581,547,'8v8LcWtpNZuUdkNcYJMNYwGwpkRTpH52.jpg',34982,'2020-07-21 11:35:40','2020-07-21 11:35:40',NULL),
(582,548,'d0G2FX2NgGFWOwYJTcJn20BQSmm4fQ1l.jpg',32729,'2020-07-21 11:50:36','2020-07-21 11:50:36',NULL),
(583,549,'1ioShz0szUvPLYw9Hrj3TcI4hOa618cU.jpg',32199,'2020-07-21 11:54:07','2020-07-21 11:54:10','2020-07-21 11:54:10'),
(584,549,'NWZQJcUKJ03MPbzXE3jn4Fg9srl7T5Rt.jpg',32199,'2020-07-21 11:54:10','2020-07-21 11:54:10',NULL),
(585,550,'DW3HbqBDslSGTy6zIUgwjfX1QISzL6fb.jpg',137261,'2020-07-21 11:56:39','2020-07-21 11:56:39',NULL),
(586,551,'Br6nlaA5jWCb6Ktcy73a2rVH77nV2M1g.jpg',139250,'2020-07-21 12:28:54','2020-07-21 12:28:54',NULL),
(587,552,'KunGOcTP1YnL58ScRmw6mGkXNJ0Etoe1.jpg',62286,'2020-07-21 12:31:37','2020-07-21 12:31:37',NULL),
(588,553,'4NcAICjfpBMge4KUZMz642eTfDpp66a4.png',102389,'2020-07-21 12:53:24','2020-07-21 12:53:24',NULL),
(589,554,'4tFbjDsHCmMJ3WKJHH0167o69JDn9a7H.jpg',83353,'2020-07-21 13:18:18','2020-07-21 13:18:18',NULL),
(590,555,'agBCbXyxHrReUZDRjn1b07y7q7BSa2V9.jpg',56081,'2020-07-21 14:09:17','2020-07-21 14:09:17',NULL),
(591,556,'bsZsjwaCvLRSmqtzA58zNxf6XQujgVlb.png',99606,'2020-07-21 14:14:44','2020-07-21 14:14:44',NULL),
(592,557,'DnbqXHs8mBSSS7PfjtJEIrMya5t5ddSd.jpg',56354,'2020-07-21 14:19:55','2020-07-21 14:19:55',NULL),
(593,558,'PRfHfWycKwvu3108O9qO47nz1HvZui4R.png',83784,'2020-07-21 17:08:28','2020-07-21 17:08:28',NULL),
(594,559,'CH0ceIWutolM9e4hnoeXcoHdtxtcTeKa.png',119972,'2020-07-21 17:13:01','2020-07-21 17:13:01',NULL),
(595,560,'F35oPCM6C7KYFc2KYZtUR1pScJ9HbXHM.jpg',56425,'2020-07-21 18:16:17','2020-07-21 18:16:17',NULL),
(596,561,'ccmQHYBrv2qFSoGTANkahzMxYcqU7XKb.png',3205,'2020-08-24 19:38:21','2020-09-03 20:57:51','2020-09-03 20:57:51'),
(597,562,'V11wVUAxLtUVO7k8QuXWq66WynWcBxgU.jpg',868479,'2020-09-03 09:21:42','2020-09-03 09:21:42',NULL),
(598,563,'R59mZHBqOs9scmn0yKfKgsKqDyH6Mgyj.jpg',652590,'2020-09-03 11:42:44','2020-09-03 11:42:44',NULL),
(599,564,'j4SdEO570p18l331i7RkzvXRrEey9Yhi.jpg',117452,'2020-09-03 15:28:28','2020-09-03 15:28:28',NULL),
(600,566,'hQFSNTtddpsWR8S6gg78H3bomZDLChIg.jpg',120073,'2020-09-03 20:13:53','2020-09-03 20:13:53',NULL),
(601,567,'qhVvAnRa4kmoMlRWqjKC38IKf7xpCbPU.jpg',1471062,'2020-09-03 20:16:00','2020-09-03 20:16:00',NULL),
(602,568,'XcW4VaEiKs2EvxO2LyRm8jXLHX6BX9YA.jpg',126029,'2020-09-03 20:19:06','2020-09-03 20:19:06',NULL),
(603,569,'HFMzRcThwdRgoOrvrWjpXGBVPlM9pUNM.jpg',137514,'2020-09-03 20:19:22','2020-09-03 20:55:24','2020-09-03 20:55:24'),
(604,570,'niGjXqt7vi75soZ1WPmVmdax4v24fVLH.jpg',160074,'2020-09-03 20:20:22','2020-09-03 21:30:40','2020-09-03 21:30:40'),
(605,571,'J6FDwuaCZpEgklWeCOnyYQhHN7KAgZNZ.jpg',152868,'2020-09-03 20:21:57','2020-09-03 20:22:04','2020-09-03 20:22:04'),
(606,571,'jldVUorqJZuIqEu7YUBH34mB2DJuEzBs.jpg',152868,'2020-09-03 20:22:04','2020-09-03 20:22:04',NULL),
(607,572,'MiWl389y6YBdVpriMveFYtnD0tyujsJi.png',88619,'2020-09-03 20:25:09','2020-09-03 20:25:09',NULL),
(608,573,'yrQH1EPpm3mRBHYzF4YQ0fmVBAsXvJsF.jpg',179627,'2020-09-03 20:28:06','2020-09-03 20:28:06',NULL),
(609,574,'6S40GlPvaNFzNAVEHQxhpZiB9qfppO1d.jpg',525379,'2020-09-03 20:28:59','2020-09-03 20:28:59',NULL),
(610,575,'Hmv3ylSyAuKkSApHV7BG79SxsfEftjWA.jpg',410101,'2020-09-03 20:31:43','2020-09-03 20:31:43',NULL),
(611,576,'LhjKCcmoBErqQWx0af0gLHMW1yatGLn2.jpg',49699,'2020-09-03 20:32:31','2020-09-03 20:32:31',NULL),
(612,577,'AUppEbqHGOBCEsl68KbCqGXs0F384gIc.jpeg',509274,'2020-09-03 20:40:48','2020-09-03 20:40:48',NULL),
(613,578,'w5V8DuqxUBwPsfqjc0T0aXw12A6t2Xus.jpg',108106,'2020-09-03 20:43:24','2020-09-03 20:43:24',NULL),
(614,569,'BsNeDdpd5ZP2LyRlpAIZg21OFEkTfN8T.jpg',38042,'2020-09-03 20:55:24','2020-09-03 20:55:24',NULL),
(615,561,'sJhkIq9SE9NWe1gEM4OxnMHvURqeKFDR.jpg',4379,'2020-09-03 20:57:51','2020-09-03 20:58:22','2020-09-03 20:58:22'),
(616,561,'iTb7uVkmKkDTZEdpxbr3H4OJcHzdIes2.jpg',290086,'2020-09-03 20:58:22','2020-09-03 20:58:22',NULL),
(617,561,'Uxo7WZFsIIgMdx16KBZXurYbLMJFtdJY.png',3141,'2020-09-03 20:58:22','2020-09-03 20:58:22',NULL),
(618,561,'yS9POktvFpg545wAS7tqnfMLDAB9q55A.jpg',4379,'2020-09-03 20:58:22','2020-09-03 20:58:22',NULL),
(619,580,'LOCSqnxM6kOpaxCa63ZOPvuiDovGFJBV.jpg',264839,'2020-09-03 21:08:59','2020-09-03 21:08:59',NULL),
(620,581,'uFraRugNdMGZUQjgxtZ3xoKMiRUfJ1IE.jpg',84701,'2020-09-03 21:30:31','2020-09-03 21:30:31',NULL),
(621,570,'fs2jqcRMa1ASi0pI6lnOdsbMNFN5gcVo.jpg',86633,'2020-09-03 21:30:40','2020-09-03 21:30:43','2020-09-03 21:30:43'),
(622,570,'aJpV4X2032ceGH9ilPANJ0lJ7Azo2LGg.jpg',86633,'2020-09-03 21:30:43','2020-09-03 21:30:43',NULL),
(623,582,'mzD8A2HPyJ3eouhkjeesHfjrC4kcGA4N.jpg',101773,'2020-09-03 21:40:51','2020-09-03 21:40:51',NULL),
(624,583,'dMEIowFVpnzXmWOhrpqnA6a51cukn0ma.jpg',108439,'2020-09-03 21:41:14','2020-09-03 21:41:14',NULL),
(625,584,'YvFJbdr7ARlxSf6QmM7inDG8HOmFS2QE.jpg',802434,'2020-09-03 22:17:10','2020-09-03 22:17:10',NULL),
(626,585,'yXbColwxiKlvoodcwGOa1nYIyJhD3j1o.jpeg',1423764,'2020-09-03 22:31:39','2020-09-03 22:36:13','2020-09-03 22:36:13'),
(627,585,'KuRNEQe3aBT4UwcZCcX6yQvyCPg9JeKv.jpeg',638896,'2020-09-03 22:36:13','2020-09-03 22:36:13',NULL),
(628,586,'u5s9FEKu604AcAkmLFrfNao6bh0AOOVh.jpg',568486,'2020-09-03 22:38:12','2020-09-03 22:38:12',NULL),
(629,587,'loaokLQ9TrzZ7pJYiHWbRDG2XstAdyuK.jpeg',1633367,'2020-09-03 22:56:47','2020-09-03 22:56:47',NULL),
(630,588,'9h32npvrcOxpAfkrNMAaPjTtLh5nnj0q.jpg',982441,'2020-09-03 22:56:50','2020-09-03 22:56:50',NULL),
(631,589,'AcOhQStvrsuIUO3bFWll4vnzUV5qyuMY.jpg',40176,'2020-09-03 22:58:57','2020-09-03 22:58:57',NULL),
(632,590,'m2MCbjMqBEJ5XR7LYDVLGKpwXP5m9ez9.jpg',577672,'2020-09-04 08:06:36','2020-09-04 08:06:36',NULL),
(633,591,'ngmJFeH8YUcXmHlDLZ53PgqZOmmfcsdq.jpg',449932,'2020-09-04 09:43:44','2020-09-04 09:43:44',NULL),
(634,592,'cB3e7n4AffXyrzzghtRSrWnFAWiXxlF3.png',136051,'2020-09-04 12:16:08','2020-09-04 12:16:15','2020-09-04 12:16:15'),
(635,592,'R0g36H0pBainfqM1Q1MxA3Bm7pfPZycB.png',136051,'2020-09-04 12:16:15','2020-09-04 12:16:15',NULL),
(636,593,'N9fsbGahXApjvqeh5frW2D8R6sVtuf5C.jpg',299704,'2020-09-04 12:18:53','2020-09-04 12:18:53',NULL),
(637,594,'kRiq7lli7zPdvUMD2jYXl0VahqddDUOd.jpg',170340,'2020-09-04 12:43:40','2020-09-04 12:43:40',NULL),
(638,595,'bVlR7UxC2CTKgTaAf6dSQ1BQjtfkRC9h.jpg',72324,'2020-09-04 13:55:25','2020-09-04 13:55:25',NULL),
(639,596,'iRHDiJnpPqTiNCaljlUfebOjkLHiU7EB.png',75467,'2020-09-04 14:21:17','2020-09-04 14:21:17',NULL),
(640,597,'hjwLDovTcW0lhNFTXSSYbL0BhkObaDcD.jpg',72875,'2020-09-04 16:43:41','2020-09-04 16:43:41',NULL),
(641,598,'pwXeD4Zg19dKZwBL9cLveiXJgDPXSszC.jpg',93725,'2020-09-07 18:44:03','2020-09-07 18:44:03',NULL),
(642,599,'CdzAt0zYU8U4a3vrerM5KAu0OZJmheF8.png',106000,'2020-09-07 18:46:30','2020-09-07 19:37:17','2020-09-07 19:37:17'),
(643,600,'QcMXe1oOzATqtjgvW0YDxF0rHGLVtB5e.png',63860,'2020-09-07 18:47:20','2020-09-07 18:47:20',NULL),
(644,601,'mlIUkKboFipbV31JUOsr7Je1LO5PEU80.jpg',119884,'2020-09-07 18:52:57','2020-09-07 18:52:57',NULL),
(645,602,'THHHjCvwDtHFZBfHbcW2ppTrJgyWQm7W.png',250477,'2020-09-07 18:54:15','2020-09-07 18:54:15',NULL),
(646,603,'PMg9tcd2EvJYLya3rAhFd4qRKnvPWdIt.jpg',60639,'2020-09-07 18:59:27','2020-09-07 18:59:27',NULL),
(647,604,'kajA8lFESwWldwHlIboVowhRrOqIndab.jpg',57442,'2020-09-07 19:00:16','2020-09-07 19:00:16',NULL),
(648,605,'wdA485BHAoHq4FWUvFEAQ9vH62XIxE3e.jpg',29606,'2020-09-07 19:01:52','2020-09-07 19:01:52',NULL),
(649,606,'rU4EHw3t9j4qev8k4mdqmBfTFMIVfUbj.jpg',55234,'2020-09-07 19:08:05','2020-09-07 19:08:05',NULL),
(650,607,'8sfs5ZpAdkUN21H97kPZmOGcaQBIY5O8.png',102359,'2020-09-07 19:11:05','2020-09-07 19:11:05',NULL),
(651,608,'T0NoziZ9KS2WzHtg7ZxxdAWIP63CxTgM.jpg',232960,'2020-09-07 19:13:43','2020-09-07 19:13:43',NULL),
(652,609,'jXPGrkivPv9ezbBEmyJuuSbBmxj7jARR.jpg',51063,'2020-09-07 19:15:41','2020-09-07 19:15:41',NULL),
(653,610,'GxNPE4cVEtlcu426C89ztxAvarJE3fJT.jpg',57398,'2020-09-07 19:16:41','2020-09-07 19:16:41',NULL),
(654,611,'xLZeT2kvGx3Etkhi2UxoYpzt1uhibedN.png',131991,'2020-09-07 19:23:59','2020-09-07 19:23:59',NULL),
(655,612,'OvfNLR49sx5mec9HxTVuVkmn64dvmSh7.jpg',32859,'2020-09-07 19:27:26','2020-09-07 19:27:26',NULL),
(656,613,'thxSRlCXbjcjsIcqbzcdF8qLQJOLKxgs.jpg',59633,'2020-09-07 19:32:36','2020-09-07 19:32:43','2020-09-07 19:32:43'),
(657,613,'oxdUchIBdp1jaha0qitdxzDgjvflk98u.jpg',59633,'2020-09-07 19:32:43','2020-09-07 19:32:43',NULL),
(658,614,'pYgZNmPaEF2er9yeuH1V705q6YcRY9as.jpg',61462,'2020-09-07 19:34:41','2020-09-07 19:34:41',NULL),
(659,615,'2zl0vL5TOcJtjVkQEpGuHNz2gDyfdX4Y.jpg',76300,'2020-09-07 19:35:53','2020-09-07 19:35:53',NULL),
(660,599,'edt3xyoybtHKg0iv8k8uaAEOIHvu2dD0.jpeg',31968,'2020-09-07 19:37:17','2020-09-07 19:37:17',NULL),
(661,616,'udEQenC3PH5vbGPQmrAs0gUebi4pSl7v.jpeg',31345,'2020-09-07 19:45:00','2020-09-07 19:45:00',NULL),
(662,617,'BxJt311LA2m930NhppmEkiz8FxGIw0nh.jpg',24108,'2020-09-07 19:50:16','2020-09-07 19:50:16',NULL),
(663,618,'p2WL0edNRTKoaKkvtApT6NieWTL7pn12.png',135499,'2020-09-07 19:53:05','2020-09-07 19:53:12','2020-09-07 19:53:12'),
(664,618,'qc1cf1JuCQW6GgPB26gh2Vg4wPdJZROK.png',135499,'2020-09-07 19:53:12','2020-09-07 19:53:12',NULL),
(665,619,'3eYNzhkozhKp7YeXrOtLpXI9Uhs8pLVu.jpg',50427,'2020-09-07 19:59:06','2020-09-07 19:59:06',NULL),
(666,620,'Ix1fO9bit7eut7cVr2HXArooyw8KweUt.png',102368,'2020-09-07 20:35:00','2020-09-07 20:35:00',NULL),
(667,621,'8qWeru9xwqnSpUFAVEGyVKMJmql50zkr.jpg',31309,'2020-09-07 20:45:30','2020-09-07 20:45:30',NULL),
(668,622,'DwD8GDsFF3hL3Ee2cBN1MrLHH2Yi2pub.jpg',56552,'2020-09-07 20:59:25','2020-09-07 20:59:25',NULL),
(669,623,'I8H4SOAG3pvgGalCM8NkT54XrQVVKEwi.jpg',61816,'2020-09-07 21:46:26','2020-09-07 21:46:26',NULL),
(670,624,'lGYmlHoRovm1uDgp0MaWt86GUAxfUgiq.png',100906,'2020-09-07 22:15:43','2020-09-07 22:15:43',NULL),
(671,625,'mRR9dR63zXxrLZAk4dInXy9hwTa3I6AL.png',96554,'2020-09-07 22:27:41','2020-09-07 22:27:41',NULL),
(672,626,'4oKG269DxNlOhEhjPZ3ADW5CjJtcXnHe.jpg',36673,'2020-09-07 23:55:42','2020-09-07 23:55:42',NULL),
(673,627,'Y7HssLICjfkkHwKQLBdX0cRPB3ABtjeQ.png',139443,'2020-09-08 09:41:43','2020-09-08 09:41:43',NULL),
(674,628,'O5h4smGb56swiQUYEG0m4Ys2wb2AdRpF.jpg',78316,'2020-09-08 13:12:35','2020-09-08 13:12:35',NULL),
(675,629,'23fitTwC9pFuG1HLJFZJml4gxTJzN37N.jpg',63803,'2020-09-08 13:30:15','2020-09-08 13:30:15',NULL),
(676,630,'Y3mxx6scjsKYyU7QDAZcVQPl5C0Evdra.jpg',28533,'2020-09-08 13:38:13','2020-09-08 13:38:13',NULL),
(677,631,'DXhe4mYk7jmpl7uEqdyc09Y2iNE5ge8P.png',145893,'2020-09-08 15:35:03','2020-09-08 15:35:11','2020-09-08 15:35:11'),
(678,631,'mmTzKCmKWMALNKNLsU1bdnZ6aLP1eOmh.png',145893,'2020-09-08 15:35:11','2020-09-08 15:35:11',NULL),
(679,632,'uPQV246qaWJyUX2XbIWI91W9iii7Cm7u.jpg',58418,'2020-09-08 15:47:28','2020-09-08 15:47:28',NULL),
(680,633,'Lc4HgdDgvimn7ODJpo1icA81BXINgPf6.jpg',56897,'2020-09-08 15:50:23','2020-09-08 15:50:23',NULL),
(681,634,'aXPZdihkknfLsLPegceNct7KUhtOUdVa.jpg',122417,'2020-09-08 15:53:09','2020-09-08 15:53:09',NULL),
(682,635,'O8xvnAm0XOvbM0P9H5C3t5pG9U30fYBg.jpg',25532,'2020-09-08 15:54:23','2020-09-08 15:54:23',NULL),
(683,636,'zF8agwhGrrCT5BZV9poV4AmYBiS98jXy.jpg',57698,'2020-09-08 15:56:48','2020-09-08 15:56:48',NULL),
(684,637,'KIlnKGzb9Q0cF7U4GKMIDeIsqGkR6dGO.jpg',65423,'2020-09-08 16:31:29','2020-09-08 16:31:29',NULL),
(685,638,'3TVTIv2DiGJ8apJjZuufbcaT2DThVIL9.jpg',30377,'2020-09-08 16:41:15','2020-09-08 16:41:15',NULL),
(686,639,'jos7bvlwEUNKDQDmKEb2kDfriUwUkLzv.jpg',119372,'2020-09-08 16:53:22','2020-09-08 16:53:22',NULL),
(687,640,'k74WBD2bDSJ2his4Zurv5FA7UGIEbjBP.jpg',119372,'2020-09-08 18:18:00','2020-09-08 18:18:00',NULL),
(688,641,'dhJyuXI1eUaQ5MG00T6P2NS9dZTjeJ79.jpeg',70580,'2020-09-08 18:21:28','2020-09-08 18:21:28',NULL),
(689,642,'DOI0qWk9xOsr9R71iSEiD0xrqLGFZaBY.png',102368,'2020-09-08 19:51:16','2020-09-08 19:51:16',NULL),
(690,643,'oNpKG2p3VbLy1lm7jExrfteFfn1cwdT6.jpeg',70580,'2020-09-08 19:59:18','2020-09-08 19:59:18',NULL),
(691,644,'ouW2npi5QQRdmFiKlcsesLjnU86Q6Atq.jpg',92527,'2020-09-14 12:35:24','2020-09-14 12:35:24',NULL),
(692,645,'irHtZ22I7zu5RGyLpAzCLOgRR3uhV85S.jpeg',35119,'2020-09-14 12:38:44','2020-09-14 12:38:44',NULL),
(693,646,'aZk1DYNc8EY1RCcVmhWAe9V7A8lK6yTb.jpg',56596,'2020-09-14 12:39:07','2020-09-14 12:39:07',NULL),
(694,647,'kVjSTP7ek7n64I5nxfPGYVKWg0Tu0C68.png',137100,'2020-09-14 12:49:10','2020-09-14 12:49:10',NULL),
(695,648,'3eaG7DZQjvJUi9OZNWc4FxCrBWOL6A5a.jpg',57116,'2020-09-14 12:49:35','2020-09-14 12:49:35',NULL),
(696,649,'tgQpSXUQ5fBUhPfUkBKKKqNtaaGmwgRP.jpg',78681,'2020-09-14 12:51:13','2020-09-14 12:51:13',NULL),
(697,650,'rqpXdlVuOy5di2e30N6kTsbgRYGfhiZ1.jpg',236146,'2020-09-14 12:54:06','2020-09-14 12:54:06',NULL),
(698,651,'wInfQnnoS6bEiQoHOH9agEYeC2UuAZoF.png',94391,'2020-09-14 13:02:24','2020-09-14 13:02:24',NULL),
(699,652,'6G44GwzIHtOk3H9NgxR06NUpc6Qdntpa.jpg',57105,'2020-09-14 13:03:54','2020-09-14 13:03:54',NULL),
(700,653,'XMrrdR2DqLVzcFt2h5U7oi6pldqiopII.jpg',63605,'2020-09-14 13:15:21','2020-09-14 13:15:21',NULL),
(701,654,'pe7IwE63gl2bog3L5GzzISuNHYIK4P56.JPG',22013,'2020-09-14 13:16:31','2020-09-14 13:16:31',NULL),
(702,655,'HEqZp69j9f0i9ezOdHInlfKHw67WzgVW.jpg',59398,'2020-09-14 13:17:14','2020-09-14 13:17:14',NULL),
(703,656,'Xix7Mwd6omCTAjUsLCEYzaxVTmH57IuT.jpg',57993,'2020-09-14 13:18:39','2020-09-14 13:18:39',NULL),
(704,657,'U40HF39UeuyHID43wpH3DO5zT4zW5wB4.jpg',140722,'2020-09-14 13:29:42','2020-09-14 13:29:42',NULL),
(705,658,'R7cXc5CLMx9qBieWKUhX1v8OgdMmbhcf.jpg',111337,'2020-09-14 13:35:29','2020-09-14 13:35:29',NULL),
(706,659,'NfkiqsfFOUwonDHjHVabd1yvQIxlX5Hr.jpeg',71874,'2020-09-14 13:58:10','2020-09-14 13:58:10',NULL),
(707,660,'c2Fx9jtaG91N2FcgOzKf3RKHZiyVAcez.jpg',30932,'2020-09-14 14:01:52','2020-09-14 14:01:52',NULL),
(708,661,'zzlqFffQBbx6RzPC8djF7g07l0ZhQaxI.jpg',161750,'2020-09-14 14:43:21','2020-09-14 14:43:21',NULL),
(709,662,'nUg8H5ABGwtr6uD4NnLi6vtCLRaP2geC.png',98342,'2020-09-14 14:55:26','2020-09-14 14:55:26',NULL),
(710,663,'yz6cnVWNn1gltp5ky8AHD25Fasswcv1x.jpg',37852,'2020-09-14 15:33:51','2020-09-14 15:33:51',NULL),
(711,664,'pvSlzezN6xl7PPwibKohP7TvOQypPvWU.png',109530,'2020-09-14 16:33:24','2020-09-14 16:33:24',NULL),
(712,665,'tGnSMKZY2MpXUHqMw1vqkUXybDdrewmT.jpg',58434,'2020-09-14 16:41:29','2020-09-14 16:41:29',NULL),
(713,666,'BePync8gNVCW0W6t6CsN4WmL4OilBe3L.jpg',28765,'2020-09-14 17:20:02','2020-09-14 17:20:02',NULL),
(714,667,'oOpmfaBP4BgeZOYOcJ7ZBEbMPrmA8yPQ.jpg',31367,'2020-09-14 17:55:01','2020-09-14 17:55:01',NULL),
(715,668,'N1pwIbVio3pDOS3cwP20CZnCJLPgNTPl.jpg',59215,'2020-09-14 18:11:48','2020-09-14 18:11:48',NULL),
(716,669,'54xidLSzJPg8YbQZsplgWgGDuKxiCyZY.png',63655,'2020-09-14 18:21:45','2020-09-14 18:21:45',NULL),
(717,670,'rOvuyXbehpv14x4fVtWMuDi4cJBjBebe.jpg',56350,'2020-09-14 20:05:48','2020-09-14 20:05:48',NULL),
(718,671,'JEtZTEDThNb5hjtwlUtDJMhpiYqlwSaF.jpg',58870,'2020-09-14 20:24:02','2020-09-14 20:24:02',NULL),
(719,672,'qIeM6qaZn5cP9M7W9Gsqjx98RpOBe3Im.jpg',51371,'2020-09-14 21:31:08','2020-09-14 21:31:08',NULL),
(720,673,'nJK6R3m8TvH2FEPzELM7v1Ba15vxamYT.png',126700,'2020-09-14 23:35:14','2020-09-14 23:35:14',NULL),
(721,674,'wwzKrCU39f9eaWq1vPmTcp82WSeYcBJb.jpg',61147,'2020-09-15 09:29:37','2020-09-15 09:29:37',NULL),
(722,675,'uByw64oVLCDOfOiKihiRL4JzQlhChcBc.jpg',32223,'2020-09-15 09:51:19','2020-09-15 09:51:19',NULL),
(723,676,'cQCNXRzj0e3jlwieM01KUT8Voc6buhTW.jpg',27041,'2020-09-15 09:53:34','2020-09-15 09:53:34',NULL),
(724,677,'krtzuoQiKtT7jGMQGmPVDtRYX2t5q1VA.jpg',54921,'2020-09-15 10:02:26','2020-09-15 10:02:26',NULL),
(725,678,'wYM6eG81E6H6RPX8eEdmT8n93YKGKMXU.jpg',33874,'2020-09-15 10:08:25','2020-09-15 10:08:35','2020-09-15 10:08:35'),
(726,678,'5khwvp45Ki29kP0BIzhK69nfRzepOtq4.jpg',33874,'2020-09-15 10:08:35','2020-09-15 10:08:35',NULL),
(727,679,'bJ0mALnVZ660ktQDgFPP37pzeJZI7nsW.jpg',26702,'2020-09-15 10:17:23','2020-09-15 10:17:23',NULL),
(728,680,'8BUgRWp4wy8TFLQQLCR98ssETBHlgOQO.png',120830,'2020-09-15 10:28:05','2020-09-15 10:28:05',NULL),
(729,681,'Rxu0nQVPn3hMSc0GlgoMwGYU8tUn1b8u.jpg',59421,'2020-09-15 10:28:54','2020-09-15 11:18:22','2020-09-15 11:18:22'),
(730,681,'9p5ie6ATUngknPHhjKMoBjcbolLW0XlR.jpg',54024,'2020-09-15 11:18:22','2020-09-15 11:18:22',NULL),
(731,682,'s3wEoB7re0lwKMvlbnx2eqXe4xbAOYIs.jpeg',30315,'2020-09-15 12:28:52','2020-09-15 12:28:52',NULL),
(732,683,'zLIcVuRlxaxe56nu5laoVtXMQBxRso8o.jpg',56700,'2020-09-15 13:07:41','2020-09-15 13:07:41',NULL),
(733,684,'AIPz1s9UBrG7FmozukRdURumZTkIruur.png',98840,'2020-09-15 13:58:43','2020-09-15 13:58:43',NULL),
(734,685,'nIxbWs3RxNN5vaVd47reIl0tjvC4DxNp.png',120728,'2020-09-15 14:03:43','2020-09-15 14:03:47','2020-09-15 14:03:47'),
(735,685,'XYZgLWZbzw8pGW1TDWuEv2aRMcXS8dbY.png',120728,'2020-09-15 14:03:47','2020-09-15 14:03:47',NULL),
(736,686,'djn9VepFWMosLa1RZxmEOLyW1Fn4wqG7.png',124936,'2020-09-15 14:03:54','2020-09-15 14:07:06','2020-09-15 14:07:06'),
(737,686,'kU1k8V5aMF0MTHnnDwDc6NgsigggBx6e.jpg',903115,'2020-09-15 14:07:06','2020-09-15 14:17:53','2020-09-15 14:17:53'),
(738,686,'9DWs2k1bLfkWIxfG5sIhx5saekc4V77q.jpg',763847,'2020-09-15 14:17:53','2020-09-15 14:19:13','2020-09-15 14:19:13'),
(739,686,'Rydo1OpBVmSdnCkYReJKtDtXQjhBQCmG.jpg',763847,'2020-09-15 14:19:13','2020-09-15 14:19:13',NULL),
(740,687,'UTTbuPthzbdYjjS2H2fzSsEmVzdty4qW.jpg',361480,'2020-09-15 14:36:48','2020-09-15 14:36:48',NULL),
(741,688,'yZCuhYd3P1IdetmQbl9hSPswlefxmT9G.png',100099,'2020-09-15 15:03:01','2020-09-15 15:03:01',NULL),
(742,689,'vVmS3uVFOnhU0vttAozAR9LnVGDuUtyV.jpg',50443,'2020-09-15 15:40:06','2020-09-15 15:40:06',NULL),
(743,690,'0Pa8pELMRsSAhT6kUWNmohwm9UlRF6XJ.jpg',56700,'2020-09-15 15:47:42','2020-09-15 15:47:42',NULL),
(744,691,'fmlZkWy4m9IcEwYw9OPUZdDSQG1w9Pgf.jpg',121654,'2020-09-15 16:12:49','2020-09-15 16:12:49',NULL),
(745,692,'Drfl7gJ129c2lOPyp5BS30cvEXTzwnsC.jpg',136437,'2020-09-15 16:35:05','2020-09-15 16:35:05',NULL),
(746,693,'Ldpo4cv2pjr18bP1gTWTFkQjA2d1qcJu.jpg',90179,'2020-09-15 17:40:13','2020-09-15 17:41:36','2020-09-15 17:41:36'),
(747,693,'D1IiybtFmFjGAOAmCc8bxdFTNVA7qChB.jpg',36375,'2020-09-15 17:41:36','2020-09-15 17:41:36',NULL),
(748,694,'ZcB36kbXIpIMRiUmut5FbR1CIKv8k45i.jpg',99804,'2020-09-15 20:15:29','2020-09-15 20:15:29',NULL),
(749,695,'y2b81EnYy57N0mZbfLU9NQRhH3hKx52h.png',3446,'2020-09-16 08:55:33','2020-09-16 08:55:33',NULL),
(750,696,'TyORWVyBsZWLrQW1bJqNsFEBWjgbnP7I.png',85482,'2020-09-16 09:28:59','2020-09-16 09:28:59',NULL),
(751,697,'2cc6te2J63QJ0qP0ikXvYwoYRxz1ZvpI.jpg',30022,'2020-09-16 10:20:10','2020-09-16 10:20:10',NULL),
(752,698,'r0hQdM0GUI6w7rhGGLmL1zWYz3geEQmp.jpg',560053,'2020-09-16 11:31:11','2020-09-16 11:31:30','2020-09-16 11:31:30'),
(753,698,'QucTp5HYLWaKkSHD0Sbxh0h5AgbAG3YZ.jpg',560053,'2020-09-16 11:31:30','2020-09-16 11:54:42','2020-09-16 11:54:42'),
(754,16,'SJvxdy03ulRsReOHy5lFfk7fjRTR2qYN.png',8653,'2020-09-16 11:53:44','2020-09-16 11:53:44',NULL),
(755,698,'y9fLdaJHq7HjMo5vY4LQ6yTuV6FHHZis.png',8653,'2020-09-16 11:54:42','2020-09-16 11:54:42',NULL),
(756,699,'4VPqVHkhtBaLM3OEUCOxR1iflBPQ2uiM.jpg',383865,'2020-09-16 12:15:19','2020-09-16 12:15:19',NULL),
(757,700,'rfWZOydyxqgrNPyfq2Dkcf35z1DTLz6k.jpg',31674,'2020-09-16 14:56:00','2020-09-16 14:56:00',NULL),
(758,701,'F0oEEmnfWqGH2GzVK0oEvSwHWfZetuqo.jpeg',1683497,'2020-09-16 15:07:22','2020-09-16 15:07:22',NULL),
(759,702,'mmFh92AWssG3sL55xzfGBQMAC9wgEkb5.png',57336,'2020-09-16 16:23:56','2020-09-16 16:23:56',NULL),
(760,703,'1FwaiXsEGPi4Z5DSxoZPkRTwoiPXhfT0.jpg',476378,'2020-09-16 17:34:17','2020-09-16 17:34:17',NULL),
(761,704,'5RQFG9WhtK30HnVVVoPULiR4L4EjuduA.png',112207,'2020-09-16 23:11:25','2020-09-16 23:11:25',NULL),
(762,705,'icn1doPyELEZpLJ06nIS5l234MHmVtHd.jpg',436340,'2020-09-17 21:15:34','2020-09-17 21:15:34',NULL),
(763,706,'M4ISx2CaokUsM7tAyoph6epRWGxi2Qdb.jpg',213095,'2020-09-17 21:48:53','2020-09-17 21:48:53',NULL),
(764,707,'JB1KIjqGzmcpwNfkps5ldcKgOcipFfJl.jpg',91376,'2020-09-21 12:22:56','2020-09-21 12:22:56',NULL),
(765,708,'sJF8dyEQvbiv882s9dsz7EowDPEch2hh.jpg',57383,'2020-09-21 12:29:47','2020-09-21 12:29:47',NULL),
(766,709,'ehVp6sewHXb9qfXk2meJeuRKPvJei27B.jpg',118580,'2020-09-21 12:30:03','2020-09-21 12:30:03',NULL),
(767,710,'CY0VdmJTf3lPSu7ZrEyniI4VZ6akGJec.jpg',56287,'2020-09-21 12:42:13','2020-09-21 12:42:13',NULL),
(768,711,'scud402RagFi5Xxt1JXykbBRNRKIxkrb.jpg',58464,'2020-09-21 12:45:07','2020-09-21 12:45:07',NULL),
(769,712,'brX9F0l8zD7eq6XGRaQXLywpT9ayJYiN.jpg',50241,'2020-09-21 12:46:20','2020-09-21 12:46:20',NULL),
(770,713,'dGHgFoxf0d4g3zzkHwbAs8YLdQhFzoYH.jpg',33981,'2020-09-21 13:00:23','2020-09-21 13:00:23',NULL),
(771,714,'y8FtKFaU85ZFueO4rzHEhr6UsEdROYea.jpeg',71605,'2020-09-21 13:59:56','2020-09-21 13:59:56',NULL),
(772,715,'4OwjYYs66jsssZ9xCiiqI0yRE69Ajzso.jpg',54270,'2020-09-21 14:12:20','2020-09-21 14:12:20',NULL),
(773,716,'9XrYN4WNsW4K1MYJsUUQft46s71WT3EE.png',128088,'2020-09-21 14:15:29','2020-09-21 14:15:29',NULL),
(774,717,'z7TQzYBK3BOII1fs0JaryZVoDTTgnknH.jpg',33826,'2020-09-21 14:22:19','2020-09-21 14:22:19',NULL),
(775,718,'yh4pkenFoWSlmKK9XoEKfaWRpPlXMmPt.png',160802,'2020-09-21 14:42:36','2020-09-21 14:43:08','2020-09-21 14:43:08'),
(776,718,'DEvyvfn9Y80kZMqqKyUdN54O8cZiAXml.png',136680,'2020-09-21 14:43:08','2020-09-21 14:43:08',NULL),
(777,719,'eQWQZGhBAgut7PLxeCRO7SgNi16LD1d3.jpeg',34908,'2020-09-21 14:45:33','2020-09-21 14:45:33',NULL),
(778,720,'FnzgmmW7UXJrsHGsPzqDfXZnSjzSOpxN.jpg',55450,'2020-09-21 14:51:25','2020-09-21 14:51:25',NULL),
(779,721,'GcJgr5Jv9XqDtJzxpZ6sqb6ZqmK7tFKI.jpg',205686,'2020-09-21 14:51:49','2020-09-21 14:51:49',NULL),
(780,722,'vWteEfivqG8xvFzmjh5b1A8dj6MDpwYx.jpg',44624,'2020-09-21 14:55:59','2020-09-21 14:55:59',NULL),
(781,723,'suC4BBsdMF7iUlWUZIvkrnUAGRsA0BBg.jpg',28990,'2020-09-21 15:01:26','2020-09-21 15:03:37','2020-09-21 15:03:37'),
(782,723,'kjxRZMFzwLFM9AVmJQT76FIQPYGV1rxG.jpg',28990,'2020-09-21 15:03:37','2020-09-21 15:03:37',NULL),
(783,724,'HGrmJg0SA0Me2xOPQQpVlGznERIsIIRb.png',118787,'2020-09-21 15:03:40','2020-09-21 15:03:40',NULL),
(784,725,'bmIW2e4takGwXbXWYyihSYK7BKoXgZeL.png',62991,'2020-09-21 15:54:27','2020-09-21 15:54:27',NULL),
(785,726,'UD8leVHHl8upP0HL6IL8HSL69uSdjIod.jpg',58853,'2020-09-21 15:55:23','2020-09-21 15:55:23',NULL),
(786,727,'RWjHqawfmF0MuUWoWafMgJ96VTlKtMbO.png',99455,'2020-09-21 17:59:42','2020-09-21 17:59:42',NULL),
(787,728,'R0vVi0bc6CpobhPkZDafKdw34lfQkZaH.jpg',56824,'2020-09-21 20:09:07','2020-09-21 20:09:07',NULL),
(788,729,'lWQ7F9v4WZWjSXMqZd1QkXRe6uq9AKhY.jpg',57861,'2020-09-21 22:57:48','2020-09-21 22:57:48',NULL),
(789,730,'R7JMHGUkq8WMryPHWYmGJSdGWEu7q8Kn.jpg',30770,'2020-09-21 23:18:12','2020-09-21 23:18:12',NULL),
(790,731,'QjerSeHVC5jRVwPEFWetNUZUBbfqdN0W.png',136021,'2020-09-22 07:57:50','2020-09-22 07:57:50',NULL),
(791,732,'ax9d1RosriOoczVsi3vjI08orc3Gbcai.jpg',30963,'2020-09-22 08:05:28','2020-09-22 08:05:28',NULL),
(792,733,'QwNmiiuaMZ2vLBw0vzoW1kaJK6DW1Q7q.jpg',150119,'2020-09-22 09:03:22','2020-09-22 09:03:22',NULL),
(793,734,'QmRTeSxevXuHL4J1Nw1ifiYzlzJXjG05.jpg',64343,'2020-09-22 09:50:05','2020-09-22 09:50:05',NULL),
(794,735,'EFp0CaZYkXulVbjqkJrCWRIVy5Dlh1yp.jpg',54778,'2020-09-22 09:54:13','2020-09-22 09:54:13',NULL),
(795,736,'PLv04KTye54L7wUBSnBqHuy46iBG6qQ1.jpg',110131,'2020-09-22 09:55:15','2020-09-22 09:55:15',NULL),
(796,737,'49x8PMkoMAX0WOSqYqZlTiBSXGicyI3b.jpg',24353,'2020-09-22 10:13:39','2020-09-22 10:13:39',NULL),
(797,738,'kVd42t1ZWZhjyjhQsoublBgPF9Oi3635.png',65359,'2020-09-22 11:22:40','2020-09-22 11:22:40',NULL),
(798,739,'SpY0hoSSXQVttIE1x8u1nBwJ8YMLKRAO.jpg',59725,'2020-09-22 11:31:21','2020-09-22 11:31:21',NULL),
(799,740,'vMye6xbWioQoiEMvpCSbFlh3cI7iDHNp.png',108236,'2020-09-22 12:43:53','2020-09-22 12:43:53',NULL),
(800,741,'KMRBwOZ6K4oIKULNtrGmxoby2YouEwTs.jpg',27348,'2020-09-22 12:58:51','2020-09-22 12:58:51',NULL),
(801,742,'WCXSJRbl2P7H4sLGjYEqWrdsFmVSUGDx.png',90345,'2020-09-22 12:59:20','2020-09-22 12:59:20',NULL),
(802,743,'TlsnD3vPO1n7y3g7KQA5FL8A5rVpwUvN.jpg',75200,'2020-09-22 13:03:19','2020-09-22 13:03:19',NULL),
(803,744,'EhZaLsYSD1RapBiqdqdYhulGRmCNZePJ.jpg',36109,'2020-09-22 13:04:24','2020-09-22 13:04:24',NULL),
(804,745,'EdnxsOLkDXfGN2I3XpKzS9CKm1ZewGGH.jpg',56558,'2020-09-22 13:54:42','2020-09-22 13:54:42',NULL),
(805,746,'E00ckmNrvJkeK0giXxC4KZWaiXXpIvJJ.jpg',56558,'2020-09-22 16:35:16','2020-09-22 16:35:16',NULL);

/*Table structure for table `forms` */

DROP TABLE IF EXISTS `forms`;

CREATE TABLE `forms` (
  `id` int(10) unsigned NOT NULL AUTO_INCREMENT,
  `name` varchar(255) COLLATE utf8mb4_unicode_ci NOT NULL,
  `created_at` timestamp NULL DEFAULT NULL,
  `updated_at` timestamp NULL DEFAULT NULL,
  `deleted_at` timestamp NULL DEFAULT NULL,
  PRIMARY KEY (`id`)
) ENGINE=InnoDB AUTO_INCREMENT=22 DEFAULT CHARSET=utf8mb4 COLLATE=utf8mb4_unicode_ci;

/*Data for the table `forms` */

insert  into `forms`(`id`,`name`,`created_at`,`updated_at`,`deleted_at`) values 
(1,'','2020-05-21 10:04:39','2020-05-21 10:04:39',NULL),
(2,'17','2020-05-25 17:17:00','2020-05-25 17:17:00',NULL),
(3,'1','2020-06-02 12:27:51','2020-06-02 12:27:51',NULL),
(4,'6','2020-06-02 12:28:17','2020-06-02 12:28:17',NULL),
(5,'17','2020-06-02 12:29:49','2020-06-02 12:29:49',NULL),
(6,'17','2020-06-03 18:04:40','2020-06-03 18:04:40',NULL),
(7,'17','2020-06-08 14:01:29','2020-06-08 14:01:29',NULL),
(8,'17','2020-06-15 14:26:29','2020-06-15 14:26:29',NULL),
(9,'','2020-06-21 13:20:39','2020-06-21 13:20:39',NULL),
(10,'17','2020-06-22 15:54:15','2020-06-22 15:54:15',NULL),
(11,'17','2020-06-29 12:41:55','2020-06-29 12:41:55',NULL),
(12,'17','2020-07-06 15:06:48','2020-07-06 15:06:48',NULL),
(13,'17','2020-07-13 14:44:07','2020-07-13 14:44:07',NULL),
(14,'2020','2020-07-15 12:11:41','2020-07-15 12:11:41',NULL),
(15,'17','2020-07-20 18:36:23','2020-07-20 18:36:23',NULL),
(16,'9.3','2020-09-02 19:29:32','2020-09-02 19:29:32',NULL),
(17,'17','2020-09-07 18:43:37','2020-09-07 18:43:37',NULL),
(18,'17','2020-09-08 16:53:07','2020-09-08 16:53:07',NULL),
(19,'17','2020-09-14 12:34:59','2020-09-14 12:34:59',NULL),
(20,'','2020-09-14 23:31:35','2020-09-14 23:31:35',NULL),
(21,'17','2020-09-21 12:22:33','2020-09-21 12:22:33',NULL);

/*Table structure for table `migrations` */

DROP TABLE IF EXISTS `migrations`;

CREATE TABLE `migrations` (
  `id` int(10) unsigned NOT NULL AUTO_INCREMENT,
  `migration` varchar(255) COLLATE utf8mb4_unicode_ci NOT NULL,
  `batch` int(11) NOT NULL,
  PRIMARY KEY (`id`)
) ENGINE=InnoDB AUTO_INCREMENT=4 DEFAULT CHARSET=utf8mb4 COLLATE=utf8mb4_unicode_ci;

/*Data for the table `migrations` */

insert  into `migrations`(`id`,`migration`,`batch`) values 
(1,'2019_01_19_094800_record',1),
(2,'2019_01_19_111237_form',1),
(3,'2019_01_19_125140_attachment',1);

/*Table structure for table `records` */

DROP TABLE IF EXISTS `records`;

CREATE TABLE `records` (
  `id` int(10) unsigned NOT NULL AUTO_INCREMENT,
  `form_id` int(11) NOT NULL,
  `name` varchar(255) COLLATE utf8mb4_unicode_ci NOT NULL,
  `code` varchar(255) COLLATE utf8mb4_unicode_ci NOT NULL,
  `created_at` timestamp NULL DEFAULT NULL,
  `updated_at` timestamp NULL DEFAULT NULL,
  `deleted_at` timestamp NULL DEFAULT NULL,
  PRIMARY KEY (`id`)
) ENGINE=InnoDB AUTO_INCREMENT=747 DEFAULT CHARSET=utf8mb4 COLLATE=utf8mb4_unicode_ci;

/*Data for the table `records` */

insert  into `records`(`id`,`form_id`,`name`,`code`,`created_at`,`updated_at`,`deleted_at`) values 
(1,1,'1','1','2020-05-21 10:04:49','2020-05-23 13:24:56',NULL),
(2,1,'','2','2020-05-21 10:04:57','2020-05-21 10:04:57',NULL),
(3,2,'','201701090110','2020-05-25 17:17:20','2020-05-25 17:17:20',NULL),
(4,2,'','201701090115','2020-05-25 22:52:29','2020-05-25 22:52:29',NULL),
(5,2,'','201701090147','2020-05-25 23:00:27','2020-05-25 23:00:27',NULL),
(6,2,'','201701090142','2020-05-26 10:24:59','2020-05-26 10:24:59',NULL),
(7,2,'','201701090103','2020-05-26 10:26:20','2020-05-26 10:26:20',NULL),
(8,2,'','201701090131','2020-05-26 10:27:00','2020-05-26 10:27:00',NULL),
(9,2,'','201701090151','2020-05-26 10:27:09','2020-05-26 10:27:09',NULL),
(10,2,'','201701090140','2020-05-26 10:34:04','2020-05-26 10:34:04',NULL),
(11,2,'','201701090109','2020-05-26 10:34:10','2020-05-26 10:34:10',NULL),
(12,2,'','201701090149','2020-05-26 10:34:26','2020-05-26 10:34:26',NULL),
(13,2,'','201701090116','2020-05-26 10:34:37','2020-05-26 10:34:37',NULL),
(14,2,'','201701090114','2020-05-26 10:35:26','2020-05-26 10:35:26',NULL),
(15,2,'','201601090105','2020-05-26 10:36:38','2020-05-26 10:36:38',NULL),
(16,2,'','201701090145','2020-05-26 10:38:12','2020-05-26 10:38:12',NULL),
(17,2,'','201701090129','2020-05-26 10:41:10','2020-05-26 10:41:10',NULL),
(18,2,'','201701090201','2020-05-26 10:44:57','2020-05-26 10:44:57',NULL),
(19,2,'','201701090144','2020-05-26 10:45:37','2020-05-26 10:45:37',NULL),
(20,2,'','201701090112','2020-05-26 10:46:03','2020-05-26 10:46:03',NULL),
(21,2,'','201701090150','2020-05-26 10:47:28','2020-05-26 10:47:28',NULL),
(22,2,'','201701090120','2020-05-26 10:47:53','2020-05-26 10:47:53',NULL),
(23,2,'','201701090106','2020-05-26 10:48:25','2020-05-26 10:48:25',NULL),
(24,2,'','201701090137','2020-05-26 10:51:40','2020-05-26 10:51:40',NULL),
(25,2,'','201701090113','2020-05-26 10:52:37','2020-05-26 10:52:37',NULL),
(26,2,'','201701090119','2020-05-26 10:54:48','2020-05-26 10:54:48',NULL),
(27,2,'','201701090111','2020-05-26 11:48:36','2020-05-26 11:48:36',NULL),
(28,2,'','201701090117','2020-05-26 14:07:02','2020-05-26 14:07:02',NULL),
(29,2,'','201701090105','2020-05-26 17:13:03','2020-05-26 17:13:03',NULL),
(30,2,'','201701090125','2020-05-26 17:23:47','2020-05-26 17:23:47',NULL),
(31,2,'','201701090139','2020-05-26 17:35:14','2020-05-26 17:35:14',NULL),
(32,2,'','201701090148','2020-05-26 18:14:44','2020-05-26 18:14:44',NULL),
(33,2,'','201701090128','2020-05-26 18:36:45','2020-05-26 18:36:45',NULL),
(34,2,'','201701090122','2020-05-26 19:10:50','2020-05-26 19:10:50',NULL),
(35,2,'','201701090118','2020-05-26 19:11:07','2020-05-26 19:11:07',NULL),
(36,2,'','201701090153','2020-05-26 20:10:45','2020-05-26 20:10:45',NULL),
(37,2,'','201701090107','2020-05-26 20:53:13','2020-05-26 20:53:13',NULL),
(38,2,'','201701090152','2020-05-26 21:11:22','2020-05-26 21:11:22',NULL),
(39,2,'','201701090101','2020-05-26 21:28:38','2020-05-26 21:28:38',NULL),
(40,2,'','201701090127','2020-05-26 21:35:11','2020-05-26 21:35:11',NULL),
(41,2,'','201701090133','2020-05-26 21:42:34','2020-05-26 21:42:34',NULL),
(42,2,'','201701090102','2020-05-26 21:43:10','2020-05-26 21:43:10',NULL),
(43,2,'','201701090104','2020-05-26 21:44:50','2020-05-26 21:44:50',NULL),
(44,2,'','201701090138','2020-05-26 22:50:39','2020-05-26 22:50:39',NULL),
(45,1,'122220010034001222( )  <ABCD...  ','1453qtgbd','2020-05-28 11:29:28','2020-05-28 11:29:28',NULL),
(46,1,'1212','121312','2020-05-28 11:30:34','2020-05-28 11:30:34',NULL),
(47,1,'ERP','','2020-05-28 11:30:57','2020-05-28 11:30:57',NULL),
(48,4,'','0992','2020-06-02 12:28:35','2020-06-02 12:28:35',NULL),
(49,5,'','201701090131','2020-06-02 12:30:46','2020-06-02 12:30:46',NULL),
(50,5,'','201701090115','2020-06-02 12:31:12','2020-06-02 12:31:12',NULL),
(51,5,'','201701090133','2020-06-02 12:31:57','2020-06-02 12:31:57',NULL),
(52,5,'','201701090142','2020-06-02 12:33:08','2020-06-02 12:33:08',NULL),
(53,5,'','201701090119','2020-06-02 12:34:58','2020-06-02 12:34:58',NULL),
(54,5,'','201701090110','2020-06-02 12:35:04','2020-06-02 12:35:04',NULL),
(55,5,'','201701090144','2020-06-02 12:45:01','2020-06-02 12:45:01',NULL),
(56,5,'','201701090151','2020-06-02 12:45:16','2020-06-02 12:45:16',NULL),
(57,5,'','201701090145','2020-06-02 12:45:51','2020-06-02 12:45:51',NULL),
(58,5,'','201701090140','2020-06-02 12:59:05','2020-06-02 12:59:05',NULL),
(59,5,'','201701090129','2020-06-02 13:10:44','2020-06-02 13:10:44',NULL),
(60,5,'','201701090118','2020-06-02 13:33:11','2020-06-02 13:33:11',NULL),
(61,5,'','201701090116','2020-06-02 13:44:23','2020-06-02 13:44:23',NULL),
(62,5,'','201701090113','2020-06-02 14:09:28','2020-06-02 14:09:28',NULL),
(63,5,'','20101090112','2020-06-02 15:05:31','2020-06-02 15:05:31',NULL),
(64,5,'','201701090150','2020-06-02 15:05:52','2020-06-02 15:05:52',NULL),
(65,5,'','201701090117','2020-06-02 15:17:23','2020-06-02 15:17:23',NULL),
(66,5,'','20170109037','2020-06-02 16:19:12','2020-06-02 16:19:12',NULL),
(67,5,'','201701090114','2020-06-02 16:27:23','2020-06-02 16:27:23',NULL),
(68,5,'','201601090105','2020-06-02 16:29:38','2020-06-02 16:29:38',NULL),
(69,5,'','201701090109','2020-06-02 16:41:00','2020-06-02 16:41:00',NULL),
(70,5,'','201701090106','2020-06-02 16:41:12','2020-06-02 16:41:12',NULL),
(71,5,'','201701090122','2020-06-02 16:55:44','2020-06-02 16:55:44',NULL),
(72,5,'','201701090120','2020-06-02 17:37:28','2020-06-02 17:37:28',NULL),
(73,5,'','201701090103','2020-06-02 17:54:22','2020-06-02 17:54:22',NULL),
(74,5,'','201701090127','2020-06-02 18:50:46','2020-06-02 18:50:46',NULL),
(75,5,'','201701090153','2020-06-02 18:51:54','2020-06-02 18:51:54',NULL),
(76,5,'','201701090147','2020-06-02 19:18:49','2020-06-02 19:18:49',NULL),
(77,5,'','201701090148','2020-06-02 20:03:14','2020-06-02 20:03:14',NULL),
(78,5,'','201701090101','2020-06-02 20:09:26','2020-06-02 20:09:26',NULL),
(79,5,'','201701090111','2020-06-02 21:08:11','2020-06-02 21:08:11',NULL),
(80,5,'','201701090149','2020-06-02 21:27:57','2020-06-02 21:27:57',NULL),
(81,5,'','201701090107','2020-06-02 21:31:49','2020-06-02 21:31:49',NULL),
(82,5,'','201701090138','2020-06-02 21:34:45','2020-06-02 21:34:45',NULL),
(83,5,'','201701090128','2020-06-02 21:47:46','2020-06-02 21:47:46',NULL),
(84,5,'','301701090139','2020-06-02 22:01:20','2020-06-02 22:01:20',NULL),
(85,5,'','201701090201','2020-06-02 22:10:19','2020-06-02 22:10:19',NULL),
(86,6,'','201701090133','2020-06-03 18:04:51','2020-06-03 18:04:51',NULL),
(87,6,'','201701090116','2020-06-03 18:14:13','2020-06-03 18:14:13',NULL),
(88,6,'','201701090143','2020-06-03 18:20:07','2020-06-03 18:20:07',NULL),
(89,6,'','201701090153','2020-06-03 18:20:41','2020-06-03 18:20:41',NULL),
(90,5,'','201701090105','2020-06-03 18:24:07','2020-06-03 18:24:07',NULL),
(91,6,'','201701090106','2020-06-03 18:24:56','2020-06-03 18:24:56',NULL),
(92,6,'','201701090131','2020-06-03 18:27:01','2020-06-03 18:27:01',NULL),
(93,6,'','201701090142','2020-06-03 18:29:35','2020-06-03 18:29:35',NULL),
(94,6,'','201701090137','2020-06-03 18:30:44','2020-06-03 18:30:44',NULL),
(95,6,'','201701090139','2020-06-03 18:37:50','2020-06-03 18:37:50',NULL),
(96,6,'','201701090144','2020-06-03 18:37:50','2020-06-03 18:37:50',NULL),
(97,6,'','201701090115','2020-06-03 18:38:21','2020-06-03 18:38:21',NULL),
(98,6,'','201701090110','2020-06-03 18:39:15','2020-06-03 18:39:15',NULL),
(99,6,'','201701090120','2020-06-03 18:42:03','2020-06-03 18:42:03',NULL),
(100,6,'','201701090147','2020-06-03 18:46:52','2020-06-03 18:46:52',NULL),
(101,6,'','201701090103','2020-06-03 18:47:22','2020-06-03 18:47:22',NULL),
(102,6,'','201701090135','2020-06-03 18:47:28','2020-06-03 18:47:28',NULL),
(103,6,'','201701090140','2020-06-03 18:50:03','2020-06-03 18:50:03',NULL),
(104,6,'','201701090145','2020-06-03 18:50:39','2020-06-03 18:50:39',NULL),
(105,6,'','201701090109','2020-06-03 18:52:54','2020-06-03 18:52:54',NULL),
(106,6,'','201701090151','2020-06-03 18:56:35','2020-06-03 18:56:35',NULL),
(107,6,'','201701090114','2020-06-03 19:06:01','2020-06-03 19:06:01',NULL),
(108,6,'','201701090129','2020-06-03 19:09:36','2020-06-03 19:09:36',NULL),
(109,6,'','201701090150','2020-06-03 19:23:43','2020-06-03 19:23:43',NULL),
(110,6,'','201701090118','2020-06-03 19:27:47','2020-06-03 19:27:47',NULL),
(111,6,'','201701090112','2020-06-03 19:36:41','2020-06-03 19:36:41',NULL),
(112,6,'','201701090149','2020-06-03 19:49:26','2020-06-03 19:49:26',NULL),
(113,6,'','201701090113','2020-06-03 20:06:12','2020-06-03 20:06:12',NULL),
(114,6,'','201701090101','2020-06-03 20:10:47','2020-06-03 20:10:47',NULL),
(115,6,'','201701090119','2020-06-03 20:15:46','2020-06-03 20:15:46',NULL),
(116,6,'','201701090127','2020-06-03 21:02:12','2020-06-03 21:02:12',NULL),
(117,6,'','201701090105','2020-06-03 22:16:04','2020-06-03 22:16:04',NULL),
(118,6,'','201701090107','2020-06-03 22:28:44','2020-06-03 22:28:44',NULL),
(119,6,'','201601090138','2020-06-03 23:19:47','2020-06-03 23:19:47',NULL),
(120,6,'','201701090138','2020-06-03 23:22:03','2020-06-03 23:22:03',NULL),
(121,6,'','201701090117','2020-06-04 11:25:35','2020-06-04 11:25:35',NULL),
(122,6,'','201701090128','2020-06-04 11:30:57','2020-06-04 11:30:57',NULL),
(123,6,'','201701090111','2020-06-04 14:48:54','2020-06-04 14:48:54',NULL),
(124,6,'','201601090105','2020-06-04 16:31:15','2020-06-04 16:31:15',NULL),
(125,6,'','201701090123','2020-06-04 16:38:20','2020-06-04 16:38:20',NULL),
(126,6,'','201701090122','2020-06-04 18:24:54','2020-06-04 18:24:54',NULL),
(127,6,'','201701090148','2020-06-07 00:46:11','2020-06-07 00:46:11',NULL),
(128,6,'','201701090126','2020-06-07 00:47:00','2020-06-07 00:47:00',NULL),
(129,6,'','201701090104','2020-06-07 00:48:07','2020-06-07 00:48:07',NULL),
(130,6,'','201701090125','2020-06-07 00:53:25','2020-06-07 00:53:25',NULL),
(131,6,'','201701090134','2020-06-07 08:13:39','2020-06-07 08:13:39',NULL),
(132,6,'','201701090201','2020-06-07 08:14:24','2020-06-07 08:14:24',NULL),
(133,6,'','201701090102','2020-06-07 12:45:42','2020-06-07 12:45:42',NULL),
(134,6,'','201701090121','2020-06-07 13:03:55','2020-06-07 13:03:55',NULL),
(135,7,'','201701090113','2020-06-08 14:02:56','2020-06-08 14:02:56',NULL),
(136,7,'','201701090144','2020-06-08 14:28:30','2020-06-08 14:28:30',NULL),
(137,7,'','201701090111','2020-06-08 14:34:08','2020-06-08 14:34:08',NULL),
(138,7,'','201701090129','2020-06-08 14:38:11','2020-06-08 14:38:11',NULL),
(139,7,'','201701090142','2020-06-08 14:38:34','2020-06-08 14:38:34',NULL),
(140,7,'','201601090105','2020-06-08 14:40:15','2020-06-08 14:40:15',NULL),
(141,7,'','201701090140','2020-06-08 14:41:51','2020-06-08 14:41:51',NULL),
(142,7,'','201701090145','2020-06-08 14:48:55','2020-06-08 14:48:55',NULL),
(143,7,'','201701090133','2020-06-08 14:49:47','2020-06-08 14:49:47',NULL),
(144,7,'','201701090147','2020-06-08 14:51:49','2020-06-08 14:51:49',NULL),
(145,7,'','201701090107','2020-06-08 15:02:29','2020-06-08 15:02:29',NULL),
(146,7,'','201701090119','2020-06-08 15:06:17','2020-06-08 15:06:17',NULL),
(147,7,'','201701090115','2020-06-08 15:14:54','2020-06-08 15:14:54',NULL),
(148,7,'','201701090151','2020-06-08 15:21:43','2020-06-08 15:21:43',NULL),
(149,7,'','201701090109','2020-06-08 15:30:09','2020-06-08 15:30:09',NULL),
(150,7,'','201701090137','2020-06-08 16:06:56','2020-06-08 16:06:56',NULL),
(151,7,'','201701090131','2020-06-08 16:22:02','2020-06-08 16:22:02',NULL),
(152,7,'','201701090102','2020-06-08 16:23:52','2020-06-08 16:23:52',NULL),
(153,7,'','201701090116','2020-06-08 16:40:41','2020-06-08 16:40:41',NULL),
(154,7,'','201701090149','2020-06-08 16:42:33','2020-06-08 16:42:33',NULL),
(155,7,'','201701090123','2020-06-08 16:58:49','2020-06-08 16:58:49',NULL),
(156,7,'','201701090110','2020-06-08 17:04:41','2020-06-08 17:04:41',NULL),
(157,7,'','201701090134','2020-06-08 18:04:30','2020-06-08 18:04:30',NULL),
(158,7,'','201701090150','2020-06-08 19:56:02','2020-06-08 19:56:02',NULL),
(159,7,'','201701090117','2020-06-08 19:57:22','2020-06-08 19:57:22',NULL),
(160,7,'','201701090103','2020-06-08 20:40:08','2020-06-08 20:40:08',NULL),
(161,7,'','201701090201','2020-06-08 21:01:00','2020-06-08 21:01:00',NULL),
(162,7,'','201701090114','2020-06-08 21:11:21','2020-06-08 21:11:21',NULL),
(163,7,'','201701090148','2020-06-08 21:23:35','2020-06-08 21:23:35',NULL),
(164,7,'','201701090138','2020-06-08 21:29:14','2020-06-08 21:29:14',NULL),
(165,7,'','201701090118','2020-06-08 21:44:17','2020-06-08 21:44:17',NULL),
(166,7,'','201701090105','2020-06-08 21:52:17','2020-06-08 21:52:17',NULL),
(167,7,'','201701090106','2020-06-08 21:54:41','2020-06-08 21:54:41',NULL),
(168,7,'','20170190112','2020-06-08 22:42:59','2020-06-08 22:42:59',NULL),
(169,7,'','201701090101','2020-06-09 08:02:04','2020-06-09 08:02:04',NULL),
(170,7,'','201701090112','2020-06-09 08:10:07','2020-06-09 08:10:07',NULL),
(171,7,'','201701090122','2020-06-09 08:12:58','2020-06-09 08:12:58',NULL),
(172,7,'','201701090104','2020-06-09 08:15:47','2020-06-09 08:15:47',NULL),
(173,7,'','201701090120','2020-06-09 08:32:35','2020-06-09 08:32:35',NULL),
(174,7,'','201701090136','2020-06-09 08:45:52','2020-06-09 08:45:52',NULL),
(175,7,'','201701090125','2020-06-09 08:54:40','2020-06-09 08:54:40',NULL),
(176,7,'','201701090128','2020-06-09 09:00:38','2020-06-09 09:00:38',NULL),
(177,7,'','201701090126','2020-06-09 09:00:42','2020-06-09 09:00:42',NULL),
(178,7,'','201701090127','2020-06-09 09:02:09','2020-06-09 09:02:09',NULL),
(179,7,'','201701090139','2020-06-09 09:04:13','2020-06-09 09:04:13',NULL),
(180,7,'','20170109015','2020-06-09 09:08:10','2020-06-09 09:08:10',NULL),
(181,7,'','201701090153','2020-06-09 09:10:34','2020-06-09 09:10:34',NULL),
(182,7,'','201701090135','2020-06-09 09:43:02','2020-06-09 09:43:02',NULL),
(183,7,'','201701090143','2020-06-09 10:53:52','2020-06-09 10:53:52',NULL),
(184,7,'','201701090121','2020-06-09 11:36:36','2020-06-09 11:36:36',NULL),
(185,8,'','201701090113','2020-06-15 14:27:02','2020-06-15 14:27:02',NULL),
(186,8,'','201701090119','2020-06-15 14:45:12','2020-06-15 14:45:12',NULL),
(187,8,'','201701090142','2020-06-15 14:45:12','2020-06-15 14:45:12',NULL),
(188,8,'','201701090133','2020-06-15 14:58:50','2020-06-15 14:58:50',NULL),
(189,8,'','201701090110','2020-06-15 14:59:31','2020-06-15 14:59:31',NULL),
(190,8,'','201701090115','2020-06-15 15:00:14','2020-06-15 15:00:14',NULL),
(191,8,'','201701090104','2020-06-15 15:19:44','2020-06-15 15:19:44',NULL),
(192,8,'','201701090151','2020-06-15 15:29:01','2020-06-15 15:29:01',NULL),
(193,8,'','201601090105','2020-06-15 15:30:18','2020-06-15 15:30:18',NULL),
(194,8,'','201701090109','2020-06-15 15:34:45','2020-06-15 15:34:45',NULL),
(195,8,'','201701090145','2020-06-15 15:35:29','2020-06-15 15:35:29',NULL),
(196,8,'','201701090112','2020-06-15 15:50:07','2020-06-15 15:50:07',NULL),
(197,8,'','201701090153','2020-06-15 15:52:02','2020-06-15 15:52:02',NULL),
(198,8,'','201701090114','2020-06-15 16:29:51','2020-06-15 16:29:51',NULL),
(199,8,'','201701090149','2020-06-15 16:39:47','2020-06-15 16:39:47',NULL),
(200,8,'','201701090138','2020-06-15 16:44:45','2020-06-15 16:44:45',NULL),
(201,8,'','201701090116','2020-06-15 16:56:45','2020-06-15 16:56:45',NULL),
(202,8,'','201701090107','2020-06-15 17:49:07','2020-06-15 17:49:07',NULL),
(203,8,'','201701090118','2020-06-15 17:55:39','2020-06-15 17:55:39',NULL),
(204,8,'','201701090131','2020-06-15 17:57:52','2020-06-15 17:57:52',NULL),
(205,8,'','201701090137','2020-06-15 18:12:18','2020-06-15 18:12:18',NULL),
(206,8,'','201701090122','2020-06-15 18:16:34','2020-06-15 18:16:34',NULL),
(207,8,'','201701090106','2020-06-15 18:28:59','2020-06-15 18:28:59',NULL),
(208,8,'','201701090144','2020-06-15 18:33:56','2020-06-15 18:33:56',NULL),
(209,8,'','201701090105','2020-06-15 20:45:13','2020-06-15 20:45:13',NULL),
(210,8,'','201701090135','2020-06-15 20:46:01','2020-06-15 20:46:01',NULL),
(211,8,'','201701090128','2020-06-15 20:46:09','2020-06-15 20:46:09',NULL),
(212,8,'','201701090125','2020-06-15 20:46:36','2020-06-15 20:46:36',NULL),
(213,8,'','201701090139','2020-06-15 21:00:46','2020-06-15 21:00:46',NULL),
(214,8,'','201701090120','2020-06-15 21:03:36','2020-06-15 21:03:36',NULL),
(215,8,'','201701090123','2020-06-15 21:12:50','2020-06-15 21:12:50',NULL),
(216,8,'','201701090150','2020-06-15 21:22:47','2020-06-15 21:22:47',NULL),
(217,8,'','201701090117','2020-06-15 22:35:36','2020-06-15 22:35:36',NULL),
(218,8,'','201701090103','2020-06-16 02:33:01','2020-06-16 02:33:01',NULL),
(219,8,'','201701090129','2020-06-16 07:57:10','2020-06-16 07:57:10',NULL),
(220,8,'','201701090101','2020-06-16 08:09:28','2020-06-16 08:09:28',NULL),
(221,8,'','201701090140','2020-06-16 08:09:38','2020-06-16 08:09:38',NULL),
(222,8,'','201701090102','2020-06-16 08:23:07','2020-06-16 08:23:07',NULL),
(223,8,'','201701090152','2020-06-16 08:28:59','2020-06-16 08:28:59',NULL),
(224,8,'','201701090126','2020-06-16 09:04:49','2020-06-16 09:04:49',NULL),
(225,8,'','201701090148','2020-06-16 09:11:08','2020-06-16 09:11:08',NULL),
(226,8,'','201701090134','2020-06-16 09:35:45','2020-06-16 09:35:45',NULL),
(227,8,'','201701090111','2020-06-16 09:54:35','2020-06-16 09:54:35',NULL),
(228,8,'','201701090127','2020-06-16 10:06:52','2020-06-16 10:06:52',NULL),
(229,8,'','201701090147','2020-06-16 10:59:49','2020-06-16 10:59:49',NULL),
(230,8,'','201701090121','2020-06-16 11:30:45','2020-06-16 11:30:45',NULL),
(231,8,'','201701090201','2020-06-16 12:19:19','2020-06-16 12:19:19',NULL),
(232,9,'','201701090107','2020-06-21 13:29:08','2020-06-21 13:29:08',NULL),
(233,9,'','201701090145','2020-06-21 13:32:14','2020-06-21 13:32:14',NULL),
(234,9,'','201701090113','2020-06-21 13:32:40','2020-06-21 13:32:40',NULL),
(235,9,'','201601090105','2020-06-21 13:34:43','2020-06-21 13:34:43',NULL),
(236,9,'','201701090110','2020-06-21 13:37:56','2020-06-21 13:37:56',NULL),
(237,9,'','201701090140','2020-06-21 13:39:27','2020-06-21 13:39:27',NULL),
(238,9,'','201701090135','2020-06-21 13:41:15','2020-06-21 13:41:15',NULL),
(239,9,'','201701090133','2020-06-21 13:43:25','2020-06-21 13:43:25',NULL),
(240,9,'','201701090117','2020-06-21 14:04:20','2020-06-21 14:04:20',NULL),
(241,9,'','201701090115','2020-06-21 14:06:02','2020-06-21 14:06:02',NULL),
(242,9,'','201701090138','2020-06-21 14:14:19','2020-06-21 14:14:19',NULL),
(243,9,'','201701090153','2020-06-21 14:38:15','2020-06-21 14:38:15',NULL),
(244,9,'','201701090131','2020-06-21 14:38:17','2020-06-21 14:38:17',NULL),
(245,9,'','201701090106','2020-06-21 14:42:42','2020-06-21 14:42:42',NULL),
(246,9,'','201701090127','2020-06-21 14:53:03','2020-06-21 14:53:03',NULL),
(247,9,'','201701090151','2020-06-21 15:08:59','2020-06-21 15:08:59',NULL),
(248,9,'','201701090144','2020-06-21 15:11:49','2020-06-21 15:11:49',NULL),
(249,9,'','201701090109','2020-06-21 15:29:40','2020-06-21 15:29:40',NULL),
(250,9,'','201701090122','2020-06-21 15:45:18','2020-06-21 15:45:18',NULL),
(251,9,'','201701090102','2020-06-21 16:19:56','2020-06-21 16:19:56',NULL),
(252,9,'','201701090114','2020-06-21 16:46:38','2020-06-21 16:46:38',NULL),
(253,9,'','201701090103','2020-06-21 17:07:32','2020-06-21 17:07:32',NULL),
(254,9,'','201701090120','2020-06-21 17:10:13','2020-06-21 17:10:13',NULL),
(255,9,'','201701090101','2020-06-21 17:10:47','2020-06-21 17:10:47',NULL),
(256,9,'','201701090147','2020-06-21 17:11:18','2020-06-21 17:11:18',NULL),
(257,9,'','201701090119','2020-06-21 17:33:38','2020-06-21 17:33:38',NULL),
(258,9,'','201701090142','2020-06-21 20:04:26','2020-06-21 20:04:26',NULL),
(259,9,'','201701090116','2020-06-21 20:18:51','2020-06-21 20:18:51',NULL),
(260,9,'','201701090125','2020-06-21 20:25:43','2020-06-21 20:25:43',NULL),
(261,9,'','201701090128','2020-06-21 23:18:28','2020-06-21 23:18:28',NULL),
(262,9,'','201701090129','2020-06-21 23:21:14','2020-06-21 23:21:14',NULL),
(263,9,'','201701090150','2020-06-22 00:02:29','2020-06-22 00:02:29',NULL),
(264,10,'','201701090133','2020-06-22 15:54:55','2020-06-22 15:54:55',NULL),
(265,10,'','201701090113','2020-06-22 16:51:18','2020-06-22 16:51:18',NULL),
(266,10,'','201701090144','2020-06-22 16:58:38','2020-06-22 16:58:38',NULL),
(267,10,'','201701090151','2020-06-22 16:59:12','2020-06-22 16:59:12',NULL),
(268,10,'','201701090137','2020-06-22 17:08:00','2020-06-22 17:08:00',NULL),
(269,10,'','201701090129','2020-06-22 17:09:07','2020-06-22 17:09:07',NULL),
(270,10,'','201701090131','2020-06-22 17:10:03','2020-06-22 17:10:03',NULL),
(271,10,'','201701090145','2020-06-22 17:10:04','2020-06-22 17:10:04',NULL),
(272,10,'','201701090115','2020-06-22 17:15:31','2020-06-22 17:15:31',NULL),
(273,10,'','201701090118','2020-06-22 17:23:52','2020-06-22 17:23:52',NULL),
(274,10,'','201701090142','2020-06-22 17:42:16','2020-06-22 17:42:16',NULL),
(275,9,'','201701090137','2020-06-22 18:15:54','2020-06-22 18:15:54',NULL),
(276,10,'','201601090105','2020-06-22 19:35:16','2020-06-22 19:35:16',NULL),
(277,10,'','201701090149','2020-06-22 21:46:43','2020-06-22 21:46:43',NULL),
(278,10,'','201701090107','2020-06-22 21:48:58','2020-06-22 21:48:58',NULL),
(279,9,'','201701090123','2020-06-22 21:57:20','2020-06-22 21:57:20',NULL),
(280,9,'','201701090105','2020-06-22 21:59:43','2020-06-22 21:59:43',NULL),
(281,9,'','201701090104','2020-06-22 22:01:22','2020-06-22 22:01:22',NULL),
(282,9,'','201701090111','2020-06-22 22:02:31','2020-06-22 22:02:31',NULL),
(283,9,'','201701090201','2020-06-22 22:03:44','2020-06-22 22:03:44',NULL),
(284,9,'','201701090149','2020-06-22 22:16:58','2020-06-22 22:16:58',NULL),
(285,10,'','201701090139','2020-06-22 22:48:24','2020-06-22 22:48:24',NULL),
(286,9,'','201701090126','2020-06-22 22:50:14','2020-06-22 22:50:14',NULL),
(287,9,'','201701090139','2020-06-22 22:57:01','2020-06-22 22:57:01',NULL),
(288,10,'','201701090110','2020-06-22 23:01:02','2020-06-22 23:01:02',NULL),
(289,10,'','201701090126','2020-06-22 23:03:35','2020-06-22 23:03:35',NULL),
(290,10,'','201701090140','2020-06-22 23:08:54','2020-06-22 23:08:54',NULL),
(291,9,'','201601090138','2020-06-22 23:09:36','2020-06-22 23:09:36',NULL),
(292,10,'','201701090111','2020-06-23 08:06:08','2020-06-23 08:06:08',NULL),
(293,9,'','201701090112','2020-06-23 08:09:15','2020-06-23 08:09:15',NULL),
(294,10,'','201701090201','2020-06-23 08:11:07','2020-06-23 08:11:07',NULL),
(295,10,'','201701090104','2020-06-23 08:11:24','2020-06-23 08:11:24',NULL),
(296,10,'','201701090114','2020-06-23 08:12:07','2020-06-23 08:12:07',NULL),
(297,10,'','201701090128','2020-06-23 08:22:49','2020-06-23 08:22:49',NULL),
(298,10,'','201701090127','2020-06-23 08:24:03','2020-06-23 08:24:03',NULL),
(299,10,'','201701090119','2020-06-23 08:27:06','2020-06-23 08:27:06',NULL),
(300,10,'','201701090112','2020-06-23 08:35:51','2020-06-23 08:35:51',NULL),
(301,10,'','201701090109','2020-06-23 08:47:23','2020-06-23 08:47:23',NULL),
(302,9,'','201701090136','2020-06-23 08:55:41','2020-06-23 08:55:41',NULL),
(303,10,'','201701090138','2020-06-23 08:57:11','2020-06-23 08:57:11',NULL),
(304,9,'','201701090118','2020-06-23 08:57:22','2020-06-23 08:57:22',NULL),
(305,10,'','201701090153','2020-06-23 08:58:22','2020-06-23 08:58:22',NULL),
(306,9,'','201701090143','2020-06-23 09:34:42','2020-06-23 09:34:42',NULL),
(307,9,'','201701090152','2020-06-23 09:43:25','2020-06-23 09:43:25',NULL),
(308,9,'','201701090121','2020-06-23 09:53:39','2020-06-23 09:53:39',NULL),
(309,9,'','201701090148','2020-06-23 09:59:32','2020-06-23 09:59:32',NULL),
(310,9,'','201701090134','2020-06-23 11:20:44','2020-06-23 11:20:44',NULL),
(311,10,'','201701090123','2020-06-23 11:46:48','2020-06-23 11:46:48',NULL),
(312,10,'','201701090147','2020-06-23 11:47:06','2020-06-23 11:47:06',NULL),
(313,10,'','201701090103','2020-06-23 11:48:27','2020-06-23 11:48:27',NULL),
(314,10,'','201701090120','2020-06-23 11:49:37','2020-06-23 11:49:37',NULL),
(315,10,'','201701090150','2020-06-23 11:49:50','2020-06-23 11:49:50',NULL),
(316,10,'','201701090134','2020-06-23 12:58:39','2020-06-23 12:58:39',NULL),
(317,10,'','201701090117','2020-06-23 13:02:34','2020-06-23 13:02:34',NULL),
(318,10,'','201701090105','2020-06-23 13:28:49','2020-06-23 13:28:49',NULL),
(319,10,'','201701090116','2020-06-23 13:30:02','2020-06-23 13:30:02',NULL),
(320,10,'','2017','2020-06-23 13:51:44','2020-06-23 13:51:44',NULL),
(321,10,'','201701090125','2020-06-23 13:52:03','2020-06-23 13:52:03',NULL),
(322,10,'','201701090143','2020-06-23 13:53:15','2020-06-23 13:53:15',NULL),
(323,10,'','201701090101','2020-06-23 13:53:42','2020-06-23 13:53:42',NULL),
(324,10,'','22','2020-06-23 14:09:37','2020-06-23 14:09:37',NULL),
(325,10,'','201701090122','2020-06-23 14:09:53','2020-06-23 14:09:53',NULL),
(326,10,'','201701090106','2020-06-23 14:45:36','2020-06-23 14:45:36',NULL),
(327,10,'','201701090121','2020-06-23 15:02:47','2020-06-23 15:02:47',NULL),
(328,10,'','20170190148','2020-06-23 15:31:10','2020-06-23 15:31:10',NULL),
(329,10,'','201701090152','2020-06-23 16:16:46','2020-06-23 16:16:46',NULL),
(330,10,'','201701090102','2020-06-23 18:41:17','2020-06-23 18:41:17',NULL),
(331,11,'','201701090110','2020-06-29 14:20:31','2020-06-29 14:20:31',NULL),
(332,11,'','201701090113','2020-06-29 14:20:40','2020-06-29 14:20:40',NULL),
(333,11,'','201701090144','2020-06-29 14:20:49','2020-06-29 14:20:49',NULL),
(334,11,'','201701090151','2020-06-29 14:20:50','2020-06-29 14:20:50',NULL),
(335,11,'','201701090147','2020-06-29 14:22:02','2020-06-29 14:22:02',NULL),
(336,11,'','201701090131','2020-06-29 14:22:13','2020-06-29 14:22:13',NULL),
(337,11,'','201701090101','2020-06-29 14:26:49','2020-06-29 14:26:49',NULL),
(338,11,'','201701090145','2020-06-29 14:26:59','2020-06-29 14:26:59',NULL),
(339,11,'','201701090119','2020-06-29 14:30:30','2020-06-29 14:30:30',NULL),
(340,11,'','201701090107','2020-06-29 14:30:59','2020-06-29 14:30:59',NULL),
(341,11,'','201701090114','2020-06-29 14:30:59','2020-06-29 14:30:59',NULL),
(342,11,'','201701090117','2020-06-29 14:31:30','2020-06-29 14:31:30',NULL),
(343,11,'','201601090105','2020-06-29 14:35:18','2020-06-29 14:35:18',NULL),
(344,11,'','201701090140','2020-06-29 14:41:44','2020-06-29 14:41:44',NULL),
(345,11,'','201701090115','2020-06-29 14:43:03','2020-06-29 14:43:03',NULL),
(346,11,'','201701090149','2020-06-29 14:43:44','2020-06-29 14:43:44',NULL),
(347,11,'','201701090133','2020-06-29 14:44:03','2020-06-29 14:44:03',NULL),
(348,11,'','201701090153','2020-06-29 14:49:15','2020-06-29 14:49:15',NULL),
(349,11,'','201701090129','2020-06-29 14:53:30','2020-06-29 14:53:30',NULL),
(350,11,'','201701090152','2020-06-29 14:53:42','2020-06-29 14:53:42',NULL),
(351,11,'','201701090106','2020-06-29 14:53:55','2020-06-29 14:53:55',NULL),
(352,11,'','201701090135','2020-06-29 14:58:49','2020-06-29 14:58:49',NULL),
(353,11,'','201701090102','2020-06-29 15:11:46','2020-06-29 15:11:46',NULL),
(354,11,'','201701090142','2020-06-29 15:23:11','2020-06-29 15:23:11',NULL),
(355,11,'','201701090109','2020-06-29 15:26:06','2020-06-29 15:26:06',NULL),
(356,11,'','201701090112','2020-06-29 15:35:32','2020-06-29 15:35:32',NULL),
(357,11,'','201701090126','2020-06-29 16:20:36','2020-06-29 16:20:36',NULL),
(358,11,'','201701090111','2020-06-29 17:12:56','2020-06-29 17:12:56',NULL),
(359,11,'','201701090116','2020-06-29 17:38:42','2020-06-29 17:38:42',NULL),
(360,11,'','201701090139','2020-06-29 18:00:09','2020-06-29 18:00:09',NULL),
(361,11,'','201701090150','2020-06-29 20:17:47','2020-06-29 20:17:47',NULL),
(362,11,'','20701090122','2020-06-30 08:55:00','2020-06-30 08:55:00',NULL),
(363,11,'','201701090104','2020-06-30 09:00:31','2020-06-30 09:00:31',NULL),
(364,11,'','201701090201','2020-06-30 09:01:41','2020-06-30 09:01:41',NULL),
(365,11,'','201101090201','2020-06-30 09:02:14','2020-06-30 09:02:14',NULL),
(366,11,'','201701090105','2020-06-30 09:02:31','2020-06-30 09:02:31',NULL),
(367,11,'','201701090120','2020-06-30 09:04:25','2020-06-30 09:04:25',NULL),
(368,11,'','201701090128','2020-06-30 09:04:55','2020-06-30 09:04:55',NULL),
(369,11,'','201701090127','2020-06-30 09:05:19','2020-06-30 09:05:19',NULL),
(370,11,'','201701090134','2020-06-30 09:05:50','2020-06-30 09:05:50',NULL),
(371,11,'','201701090125','2020-06-30 09:06:19','2020-06-30 09:06:19',NULL),
(372,11,'','201701090123','2020-06-30 10:03:05','2020-06-30 10:03:05',NULL),
(373,11,'','201701090118','2020-06-30 10:48:16','2020-06-30 10:48:16',NULL),
(374,11,'','201701090121','2020-06-30 11:07:26','2020-06-30 11:07:26',NULL),
(375,11,'','201701090103','2020-06-30 12:09:15','2020-06-30 12:09:15',NULL),
(376,11,'','201701090138','2020-06-30 12:12:13','2020-06-30 12:12:13',NULL),
(377,11,'','201701090148','2020-06-30 16:06:34','2020-06-30 16:06:34',NULL),
(378,11,'','201701090137','2020-06-30 16:15:46','2020-06-30 16:15:46',NULL),
(379,11,'','201701090143','2020-06-30 17:05:55','2020-06-30 17:05:55',NULL),
(380,12,'','201701090113','2020-07-06 15:07:08','2020-07-06 15:07:08',NULL),
(381,12,'','201701090153','2020-07-06 15:09:23','2020-07-06 15:09:23',NULL),
(382,12,'','201701090151','2020-07-06 15:09:58','2020-07-06 15:09:58',NULL),
(383,12,'','201701090152','2020-07-06 15:10:22','2020-07-06 15:10:22',NULL),
(384,12,'','201701090144','2020-07-06 15:11:48','2020-07-06 15:11:48',NULL),
(385,12,'','201701090117','2020-07-06 15:20:55','2020-07-06 15:20:55',NULL),
(386,12,'','201701090128','2020-07-06 15:21:05','2020-07-06 15:21:05',NULL),
(387,12,'','201601090105','2020-07-06 15:22:30','2020-07-06 15:22:30',NULL),
(388,12,'','201701090139','2020-07-06 15:22:57','2020-07-06 15:22:57',NULL),
(389,12,'','201701090115','2020-07-06 15:25:29','2020-07-06 15:25:29',NULL),
(390,12,'','201701090106','2020-07-06 15:26:20','2020-07-06 15:26:20',NULL),
(391,12,'','201701090129','2020-07-06 15:27:35','2020-07-06 15:27:35',NULL),
(392,12,'','201701090110','2020-07-06 15:28:01','2020-07-06 15:28:01',NULL),
(393,12,'','201701090137','2020-07-06 15:31:25','2020-07-06 15:31:25',NULL),
(394,12,'','201701090147','2020-07-06 15:38:27','2020-07-06 15:38:27',NULL),
(395,12,'','201701090145','2020-07-06 15:48:01','2020-07-06 15:48:01',NULL),
(396,12,'','201701090114','2020-07-06 15:49:15','2020-07-06 15:49:15',NULL),
(397,12,'','201701090131','2020-07-06 15:51:24','2020-07-06 15:51:24',NULL),
(398,12,'','201701090126','2020-07-06 15:59:28','2020-07-06 15:59:28',NULL),
(399,12,'','201701090133','2020-07-06 16:28:27','2020-07-06 16:28:27',NULL),
(400,12,'','201701090138','2020-07-06 16:28:57','2020-07-06 16:28:57',NULL),
(401,12,'','201701090107','2020-07-06 16:29:03','2020-07-06 16:29:03',NULL),
(402,12,'','201701090123','2020-07-06 16:31:55','2020-07-06 16:31:55',NULL),
(403,12,'','201701090149','2020-07-06 16:50:27','2020-07-06 16:50:27',NULL),
(404,12,'','201701090142','2020-07-06 17:00:50','2020-07-06 17:00:50',NULL),
(405,12,'','20170109118','2020-07-06 17:47:45','2020-07-06 17:47:45',NULL),
(406,12,'','201701090119','2020-07-06 18:47:13','2020-07-06 18:47:13',NULL),
(407,12,'','201701090109','2020-07-06 19:04:42','2020-07-06 19:04:42',NULL),
(408,12,'','201701090135','2020-07-06 19:48:06','2020-07-06 19:48:06',NULL),
(409,12,'','201701090150','2020-07-06 20:18:45','2020-07-06 20:18:45',NULL),
(410,12,'','201701090122','2020-07-06 20:53:40','2020-07-06 20:53:40',NULL),
(411,12,'','201701090116','2020-07-06 21:35:02','2020-07-06 21:35:02',NULL),
(412,12,'','201701090103','2020-07-06 22:23:21','2020-07-06 22:23:21',NULL),
(413,12,'','201701090120','2020-07-06 22:37:11','2020-07-06 22:37:11',NULL),
(414,12,'','201701090140','2020-07-07 08:01:37','2020-07-07 08:01:37',NULL),
(415,12,'','201701090112','2020-07-07 11:52:30','2020-07-07 11:52:30',NULL),
(416,12,'','201701090102','2020-07-07 11:58:25','2020-07-07 11:58:25',NULL),
(417,12,'','201701090127','2020-07-07 12:15:42','2020-07-07 12:15:42',NULL),
(418,12,'','201701090111','2020-07-07 12:37:49','2020-07-07 12:37:49',NULL),
(419,12,'','201701090134','2020-07-07 13:11:18','2020-07-07 13:11:18',NULL),
(420,12,'201701090104','','2020-07-07 13:51:05','2020-07-07 13:51:05',NULL),
(421,12,'','201701090104','2020-07-07 13:51:46','2020-07-07 13:51:46',NULL),
(422,12,'','201701090201','2020-07-07 14:40:18','2020-07-07 14:40:18',NULL),
(423,12,'','201701090105','2020-07-07 14:44:31','2020-07-07 14:44:31',NULL),
(424,12,'','201701090143','2020-07-07 15:10:04','2020-07-07 15:10:04',NULL),
(425,12,'','201701090125','2020-07-07 15:17:20','2020-07-07 15:17:20',NULL),
(426,12,'','201701090101','2020-07-07 15:56:29','2020-07-07 15:56:29',NULL),
(427,13,'','201701090113','2020-07-13 14:44:32','2020-07-13 14:44:32',NULL),
(428,13,'','201701090131','2020-07-13 14:49:02','2020-07-13 14:49:02',NULL),
(429,13,'','201701090144','2020-07-13 14:52:23','2020-07-13 14:52:23',NULL),
(430,13,'','201701090138','2020-07-13 14:55:56','2020-07-13 14:55:56',NULL),
(431,13,'','201701090142','2020-07-13 14:58:07','2020-07-13 14:58:07',NULL),
(432,13,'','201701090129','2020-07-13 15:00:50','2020-07-13 15:00:50',NULL),
(433,13,'','201701090140','2020-07-13 15:05:52','2020-07-13 15:05:52',NULL),
(434,13,'','201701090153','2020-07-13 15:06:23','2020-07-13 15:06:23',NULL),
(435,13,'','201701090139','2020-07-13 15:08:41','2020-07-13 15:08:41',NULL),
(436,13,'','201701090107','2020-07-13 15:09:18','2020-07-13 15:09:18',NULL),
(437,13,'','201701090151','2020-07-13 15:54:06','2020-07-13 15:54:06',NULL),
(438,13,'','201701090106','2020-07-13 16:03:29','2020-07-13 16:03:29',NULL),
(439,13,'','201701090115','2020-07-13 16:30:41','2020-07-13 16:30:41',NULL),
(440,13,'','201701090135','2020-07-13 16:40:20','2020-07-13 16:40:20',NULL),
(441,13,'','201701090102','2020-07-13 17:02:32','2020-07-13 17:02:32',NULL),
(442,13,'','201701090112','2020-07-13 17:23:41','2020-07-13 17:23:41',NULL),
(443,13,'','201701090149','2020-07-13 17:27:22','2020-07-13 17:27:22',NULL),
(444,13,'','20170109010','2020-07-13 17:41:53','2020-07-13 17:41:53',NULL),
(445,13,'','201701090147','2020-07-13 18:11:37','2020-07-13 18:11:37',NULL),
(446,13,'','201701090150','2020-07-13 18:21:37','2020-07-13 18:21:37',NULL),
(447,13,'','201701090116','2020-07-13 20:14:41','2020-07-13 20:14:41',NULL),
(448,13,'','201701090117','2020-07-13 20:22:18','2020-07-13 20:22:18',NULL),
(449,13,'','201701090118','2020-07-14 00:05:16','2020-07-14 00:05:16',NULL),
(450,13,'','201701090110','2020-07-14 02:14:58','2020-07-14 02:14:58',NULL),
(451,13,'','201701090114','2020-07-14 10:17:07','2020-07-14 10:17:07',NULL),
(452,13,'','201701090137','2020-07-14 10:25:37','2020-07-14 10:25:37',NULL),
(453,13,'','201701090152','2020-07-14 10:25:47','2020-07-14 10:25:47',NULL),
(454,13,'','201701090120','2020-07-14 10:34:03','2020-07-14 10:34:03',NULL),
(455,13,'','201701090119','2020-07-14 10:43:29','2020-07-14 10:43:29',NULL),
(456,13,'','201701090105','2020-07-14 10:48:08','2020-07-14 10:48:08',NULL),
(457,13,'','201701090103','2020-07-14 11:08:36','2020-07-14 11:08:36',NULL),
(458,13,'','201701090123','2020-07-14 11:38:22','2020-07-14 11:38:22',NULL),
(459,13,'','201601090105','2020-07-14 12:05:48','2020-07-14 12:05:48',NULL),
(460,13,'','201701090145','2020-07-14 12:06:49','2020-07-14 12:06:49',NULL),
(461,13,'','201701090201','2020-07-14 12:12:41','2020-07-14 12:12:41',NULL),
(462,13,'','201701090101','2020-07-14 13:39:21','2020-07-14 13:39:21',NULL),
(463,13,'','201701090133','2020-07-14 13:44:07','2020-07-14 13:44:07',NULL),
(464,13,'','201701090134','2020-07-14 13:45:55','2020-07-14 13:45:55',NULL),
(465,13,'','201701090128','2020-07-14 14:04:13','2020-07-14 14:04:13',NULL),
(466,13,'','201701090126','2020-07-14 16:21:57','2020-07-14 16:21:57',NULL),
(467,13,'','201701090111','2020-07-15 01:52:12','2020-07-15 01:52:12',NULL),
(468,13,'','201701090127','2020-07-15 08:03:48','2020-07-15 08:03:48',NULL),
(469,14,'','201701090107','2020-07-15 12:18:18','2020-07-15 12:18:18',NULL),
(470,14,'','201701090149','2020-07-15 12:25:49','2020-07-15 12:25:49',NULL),
(471,14,'','201701090140','2020-07-15 12:27:46','2020-07-15 12:27:46',NULL),
(472,14,'','201701090147','2020-07-15 12:28:31','2020-07-15 12:28:31',NULL),
(473,14,'','201701090201','2020-07-15 12:30:52','2020-07-15 12:30:52',NULL),
(474,14,'','201701090145','2020-07-15 12:31:00','2020-07-15 12:31:00',NULL),
(475,14,'','201701090101','2020-07-15 12:32:25','2020-07-15 12:32:25',NULL),
(476,14,'','201701090110','2020-07-15 12:35:56','2020-07-15 12:35:56',NULL),
(477,14,'','201701090153','2020-07-15 12:36:52','2020-07-15 12:36:52',NULL),
(478,14,'','201701090143','2020-07-15 12:37:21','2020-07-15 12:37:21',NULL),
(479,14,'','201701090129','2020-07-15 12:39:03','2020-07-15 12:39:03',NULL),
(480,14,'','201701090115','2020-07-15 12:47:49','2020-07-15 12:47:49',NULL),
(481,14,'','201601090105','2020-07-15 13:13:41','2020-07-15 13:13:41',NULL),
(482,14,'','201701090112','2020-07-15 13:13:58','2020-07-15 13:13:58',NULL),
(483,14,'','201701090116','2020-07-15 13:19:36','2020-07-15 13:19:36',NULL),
(484,14,'','201701090128','2020-07-15 13:21:25','2020-07-15 13:21:25',NULL),
(485,14,'','201701090133','2020-07-15 13:23:44','2020-07-15 13:23:44',NULL),
(486,14,'','201701090150','2020-07-15 13:24:17','2020-07-15 13:24:17',NULL),
(487,14,'','201701090111','2020-07-15 14:19:46','2020-07-15 14:19:46',NULL),
(488,14,'','201701090102','2020-07-15 14:31:07','2020-07-15 14:31:07',NULL),
(489,14,'','201701090114','2020-07-15 17:44:46','2020-07-15 17:44:46',NULL),
(490,14,'','201701090151','2020-07-15 18:23:30','2020-07-15 18:23:30',NULL),
(491,14,'','201701090144','2020-07-15 19:04:32','2020-07-15 19:04:32',NULL),
(492,14,'','201701090139','2020-07-15 19:04:57','2020-07-15 19:04:57',NULL),
(493,14,'','201701090109','2020-07-16 10:57:49','2020-07-16 10:57:49',NULL),
(494,14,'','201701090119','2020-07-16 10:59:12','2020-07-16 10:59:12',NULL),
(495,14,'','201701090137','2020-07-16 11:08:41','2020-07-16 11:08:41',NULL),
(496,14,'','201701090148','2020-07-16 11:56:51','2020-07-16 11:56:51',NULL),
(497,14,'','201701090131','2020-07-16 12:30:50','2020-07-16 12:30:50',NULL),
(498,14,'','201701090105','2020-07-16 13:12:22','2020-07-16 13:12:22',NULL),
(499,14,'','201701090122','2020-07-16 13:16:59','2020-07-16 13:16:59',NULL),
(500,14,'','20170109012','2020-07-16 13:21:51','2020-07-16 13:21:51',NULL),
(501,14,'','201701090118','2020-07-16 14:05:10','2020-07-16 14:05:10',NULL),
(502,14,'','201701090103','2020-07-16 14:15:02','2020-07-16 14:15:02',NULL),
(503,14,'','15608416406','2020-07-16 14:57:37','2020-07-16 14:57:37',NULL),
(504,14,'','201701090113','2020-07-16 15:20:53','2020-07-16 15:20:53',NULL),
(505,14,'','201701090117','2020-07-16 15:25:22','2020-07-16 15:25:22',NULL),
(506,14,'','201701090134','2020-07-16 15:39:52','2020-07-16 15:39:52',NULL),
(507,14,'','201701090121','2020-07-16 17:02:59','2020-07-16 17:02:59',NULL),
(508,14,'','201701090123','2020-07-16 18:27:24','2020-07-16 18:27:24',NULL),
(509,14,'','201701090106','2020-07-17 00:44:02','2020-07-17 00:44:02',NULL),
(510,14,'','201701090120','2020-07-17 09:48:18','2020-07-17 09:48:18',NULL),
(511,14,'','201701090142','2020-07-17 10:02:12','2020-07-17 10:02:12',NULL),
(512,14,'','201701090135','2020-07-17 11:00:44','2020-07-17 11:00:44',NULL),
(513,14,'','201701090126','2020-07-17 11:16:33','2020-07-17 11:16:33',NULL),
(514,14,'','201701090104','2020-07-17 11:41:54','2020-07-17 11:41:54',NULL),
(515,14,'','201701090125','2020-07-17 12:09:33','2020-07-17 12:09:33',NULL),
(516,14,'','201701090152','2020-07-17 15:32:56','2020-07-17 15:32:56',NULL),
(517,14,'','201601090138','2020-07-17 19:41:06','2020-07-17 19:41:06',NULL),
(518,15,'','201701090113','2020-07-20 18:37:22','2020-07-20 18:37:22',NULL),
(519,15,'','201701090142','2020-07-20 18:42:10','2020-07-20 18:42:10',NULL),
(520,15,'','201701090140','2020-07-20 18:42:40','2020-07-20 18:42:40',NULL),
(521,15,'','201701090153','2020-07-20 18:42:48','2020-07-20 18:42:48',NULL),
(522,15,'','201701090133','2020-07-20 18:43:51','2020-07-20 18:43:51',NULL),
(523,15,'','201701090107','2020-07-20 18:51:22','2020-07-20 18:51:22',NULL),
(524,15,'','201701090129','2020-07-20 18:55:06','2020-07-20 18:55:06',NULL),
(525,15,'','201701090115','2020-07-20 18:56:04','2020-07-20 18:56:04',NULL),
(526,15,'','201701090139','2020-07-20 19:01:07','2020-07-20 19:01:07',NULL),
(527,15,'','201701090134','2020-07-20 19:01:46','2020-07-20 19:01:46',NULL),
(528,15,'','201701090101','2020-07-20 19:01:48','2020-07-20 19:01:48',NULL),
(529,15,'','201701090144','2020-07-20 19:05:12','2020-07-20 19:05:12',NULL),
(530,15,'','201701090149','2020-07-20 19:05:21','2020-07-20 19:05:21',NULL),
(531,15,'','201701090131','2020-07-20 19:12:21','2020-07-20 19:12:21',NULL),
(532,15,'','201701090109','2020-07-20 19:15:28','2020-07-20 19:15:28',NULL),
(533,15,'','201701090119','2020-07-20 19:16:49','2020-07-20 19:16:49',NULL),
(534,15,'','201701090125','2020-07-20 20:27:29','2020-07-20 20:27:29',NULL),
(535,15,'','201701090117','2020-07-20 20:33:35','2020-07-20 20:33:35',NULL),
(536,15,'','201701090152','2020-07-20 20:50:46','2020-07-20 20:50:46',NULL),
(537,15,'','201701090151','2020-07-20 21:01:27','2020-07-20 21:01:27',NULL),
(538,15,'','201701090150','2020-07-20 21:16:31','2020-07-20 21:16:31',NULL),
(539,15,'','201601090105','2020-07-20 21:21:51','2020-07-20 21:21:51',NULL),
(540,15,'','201701090104','2020-07-20 21:23:11','2020-07-20 21:23:11',NULL),
(541,15,'','201701090126','2020-07-20 21:54:26','2020-07-20 21:54:26',NULL),
(542,15,'','201701090135','2020-07-20 22:21:58','2020-07-20 22:21:58',NULL),
(543,15,'','201701090137','2020-07-21 07:28:44','2020-07-21 07:28:44',NULL),
(544,15,'','201701090118','2020-07-21 08:29:12','2020-07-21 08:29:12',NULL),
(545,15,'','201701090114','2020-07-21 09:08:02','2020-07-21 09:08:02',NULL),
(546,15,'','201701090147','2020-07-21 10:40:33','2020-07-21 10:40:33',NULL),
(547,15,'','201701090123','2020-07-21 11:35:40','2020-07-21 11:35:40',NULL),
(548,15,'','201701090128','2020-07-21 11:50:36','2020-07-21 11:50:36',NULL),
(549,15,'','201701090112','2020-07-21 11:54:07','2020-07-21 11:54:07',NULL),
(550,15,'','201701090103','2020-07-21 11:56:39','2020-07-21 11:56:39',NULL),
(551,15,'','201701090201','2020-07-21 12:28:54','2020-07-21 12:28:54',NULL),
(552,15,'','201701090105','2020-07-21 12:31:37','2020-07-21 12:31:37',NULL),
(553,15,'','201701090110','2020-07-21 12:53:24','2020-07-21 12:53:24',NULL),
(554,15,'','201701090122','2020-07-21 13:18:18','2020-07-21 13:18:18',NULL),
(555,15,'','201701090106','2020-07-21 14:09:17','2020-07-21 14:09:17',NULL),
(556,15,'','201701090145','2020-07-21 14:14:44','2020-07-21 14:14:44',NULL),
(557,15,'','201701090102','2020-07-21 14:19:55','2020-07-21 14:19:55',NULL),
(558,15,'','201701090127','2020-07-21 17:08:28','2020-07-21 17:08:28',NULL),
(559,15,'','201701090120','2020-07-21 17:13:01','2020-07-21 17:13:01',NULL),
(560,15,'','201701090116','2020-07-21 18:16:17','2020-07-21 18:16:17',NULL),
(561,3,'222','111','2020-08-24 19:38:21','2020-08-24 19:38:21',NULL),
(562,16,'','201701090107','2020-09-03 09:21:41','2020-09-03 09:21:41',NULL),
(563,16,'','201701090140','2020-09-03 11:42:44','2020-09-03 11:42:44',NULL),
(564,16,'','201701090116','2020-09-03 15:28:28','2020-09-03 15:28:28',NULL),
(565,16,'','201701090134','2020-09-03 20:13:41','2020-09-03 20:13:41',NULL),
(566,16,'','201701090137','2020-09-03 20:13:53','2020-09-03 20:13:53',NULL),
(567,16,'','201701090150','2020-09-03 20:16:00','2020-09-03 20:16:00',NULL),
(568,16,'','201701090117','2020-09-03 20:19:06','2020-09-03 20:19:06',NULL),
(569,16,'','201701090110','2020-09-03 20:19:22','2020-09-03 20:19:22',NULL),
(570,16,'','201701090153','2020-09-03 20:20:22','2020-09-03 20:20:22',NULL),
(571,16,'','201701090147','2020-09-03 20:21:57','2020-09-03 20:21:57',NULL),
(572,16,'','201701090112','2020-09-03 20:25:08','2020-09-03 20:25:08',NULL),
(573,16,'','201701090103','2020-09-03 20:28:06','2020-09-03 20:28:06',NULL),
(574,16,'','201701090106','2020-09-03 20:28:59','2020-09-03 20:28:59',NULL),
(575,16,'','201701090109','2020-09-03 20:31:43','2020-09-03 20:31:43',NULL),
(576,16,'','201701090143','2020-09-03 20:32:31','2020-09-03 20:32:31',NULL),
(577,16,'','201701090144','2020-09-03 20:40:48','2020-09-03 20:40:48',NULL),
(578,16,'','201701090105','2020-09-03 20:43:24','2020-09-03 20:43:24',NULL),
(579,16,'','201701090133','2020-09-03 20:54:11','2020-09-03 20:54:11',NULL),
(580,16,'','201701090102','2020-09-03 21:08:59','2020-09-03 21:08:59',NULL),
(581,16,'','201701090149','2020-09-03 21:30:31','2020-09-03 21:30:31',NULL),
(582,16,'','201701090122','2020-09-03 21:40:51','2020-09-03 21:40:51',NULL),
(583,16,'','201701090127','2020-09-03 21:41:14','2020-09-03 21:41:14',NULL),
(584,16,'','201701090139','2020-09-03 22:17:10','2020-09-03 22:17:10',NULL),
(585,16,'','201701090131','2020-09-03 22:31:39','2020-09-03 22:31:39',NULL),
(586,16,'','201701090129','2020-09-03 22:38:12','2020-09-03 22:38:12',NULL),
(587,16,'','201701090135','2020-09-03 22:56:47','2020-09-03 22:56:47',NULL),
(588,16,'','201701090142','2020-09-03 22:56:50','2020-09-03 22:56:50',NULL),
(589,16,'','201701090145','2020-09-03 22:58:57','2020-09-03 22:58:57',NULL),
(590,16,'','201701090114','2020-09-04 08:06:36','2020-09-04 08:06:36',NULL),
(591,16,'','201701090113','2020-09-04 09:43:44','2020-09-04 09:43:44',NULL),
(592,16,'','201701090120','2020-09-04 12:16:08','2020-09-04 12:16:08',NULL),
(593,16,'','201701090128','2020-09-04 12:18:53','2020-09-04 12:18:53',NULL),
(594,16,'','201601090105','2020-09-04 12:43:40','2020-09-04 12:43:40',NULL),
(595,16,'','201701090115','2020-09-04 13:55:25','2020-09-04 13:55:25',NULL),
(596,16,'','201701090151','2020-09-04 14:21:17','2020-09-04 14:21:17',NULL),
(597,16,'','201701090201','2020-09-04 16:43:41','2020-09-04 16:43:41',NULL),
(598,17,'','201701090113','2020-09-07 18:44:03','2020-09-07 18:44:03',NULL),
(599,17,'','201701090151','2020-09-07 18:46:30','2020-09-07 18:46:30',NULL),
(600,17,'','201701090144','2020-09-07 18:47:20','2020-09-07 18:47:20',NULL),
(601,17,'','201701090107','2020-09-07 18:52:57','2020-09-07 18:52:57',NULL),
(602,17,'','201701090133','2020-09-07 18:54:15','2020-09-07 18:54:15',NULL),
(603,17,'','201701090116','2020-09-07 18:59:27','2020-09-07 18:59:27',NULL),
(604,17,'','201701090118','2020-09-07 19:00:16','2020-09-07 19:00:16',NULL),
(605,17,'','201701090114','2020-09-07 19:01:52','2020-09-07 19:01:52',NULL),
(606,17,'','201701090117','2020-09-07 19:08:05','2020-09-07 19:08:05',NULL),
(607,17,'','201701090145','2020-09-07 19:11:05','2020-09-07 19:11:05',NULL),
(608,17,'','201701090129','2020-09-07 19:13:43','2020-09-07 19:13:43',NULL),
(609,17,'','201701090137','2020-09-07 19:15:41','2020-09-07 19:15:41',NULL),
(610,17,'','201701090140','2020-09-07 19:16:41','2020-09-07 19:16:41',NULL),
(611,17,'','201701090150','2020-09-07 19:23:58','2020-09-07 19:23:58',NULL),
(612,17,'','201701090112','2020-09-07 19:27:26','2020-09-07 19:27:26',NULL),
(613,17,'','201701090139','2020-09-07 19:32:36','2020-09-07 19:32:36',NULL),
(614,17,'','201701090149','2020-09-07 19:34:41','2020-09-07 19:34:41',NULL),
(615,17,'','201701090142','2020-09-07 19:35:53','2020-09-07 19:35:53',NULL),
(616,17,'','201701090138','2020-09-07 19:45:00','2020-09-07 19:45:00',NULL),
(617,17,'','201701090103','2020-09-07 19:50:16','2020-09-07 19:50:16',NULL),
(618,17,'','201701090131','2020-09-07 19:53:05','2020-09-07 19:53:05',NULL),
(619,17,'','201701090134','2020-09-07 19:59:06','2020-09-07 19:59:06',NULL),
(620,17,'','201701090122','2020-09-07 20:35:00','2020-09-07 20:35:00',NULL),
(621,17,'','201701090119','2020-09-07 20:45:30','2020-09-07 20:45:30',NULL),
(622,17,'','201701090106','2020-09-07 20:59:25','2020-09-07 20:59:25',NULL),
(623,17,'','201701090109','2020-09-07 21:46:26','2020-09-07 21:46:26',NULL),
(624,17,'','201701090115','2020-09-07 22:15:43','2020-09-07 22:15:43',NULL),
(625,17,'','201701090110','2020-09-07 22:27:41','2020-09-07 22:27:41',NULL),
(626,17,'','201601090105','2020-09-07 23:55:42','2020-09-07 23:55:42',NULL),
(627,17,'','201701090120','2020-09-08 09:41:43','2020-09-08 09:41:43',NULL),
(628,17,'','201701090153','2020-09-08 13:12:35','2020-09-08 13:12:35',NULL),
(629,17,'','201701090105','2020-09-08 13:30:15','2020-09-08 13:30:15',NULL),
(630,17,'','201701090147','2020-09-08 13:38:13','2020-09-08 13:38:13',NULL),
(631,17,'','201701090152','2020-09-08 15:35:03','2020-09-08 15:35:03',NULL),
(632,17,'','201701090101','2020-09-08 15:47:28','2020-09-08 15:47:28',NULL),
(633,17,'','201701090102','2020-09-08 15:50:23','2020-09-08 15:50:23',NULL),
(634,17,'','201701090126','2020-09-08 15:53:09','2020-09-08 15:53:09',NULL),
(635,17,'','201701090104','2020-09-08 15:54:23','2020-09-08 15:54:23',NULL),
(636,17,'','201701090143','2020-09-08 15:56:48','2020-09-08 15:56:48',NULL),
(637,17,'','201701090123','2020-09-08 16:31:29','2020-09-08 16:31:29',NULL),
(638,17,'','201701090128','2020-09-08 16:41:15','2020-09-08 16:41:15',NULL),
(639,18,'','201701090201','2020-09-08 16:53:22','2020-09-08 16:53:22',NULL),
(640,17,'','201701090201','2020-09-08 18:18:00','2020-09-08 18:18:00',NULL),
(641,18,'','201701090111','2020-09-08 18:21:28','2020-09-08 18:21:28',NULL),
(642,17,'','201701090127','2020-09-08 19:51:16','2020-09-08 19:51:16',NULL),
(643,17,'','201701090111','2020-09-08 19:59:18','2020-09-08 19:59:18',NULL),
(644,19,'','201701090113','2020-09-14 12:35:24','2020-09-14 12:35:24',NULL),
(645,19,'','201701090151','2020-09-14 12:38:44','2020-09-14 12:38:44',NULL),
(646,19,'','201701090133','2020-09-14 12:39:07','2020-09-14 12:39:07',NULL),
(647,19,'','201701090131','2020-09-14 12:49:10','2020-09-14 12:49:10',NULL),
(648,19,'','201701090142','2020-09-14 12:49:35','2020-09-14 12:49:35',NULL),
(649,19,'','201701090153','2020-09-14 12:51:13','2020-09-14 12:51:13',NULL),
(650,19,'','201701090129','2020-09-14 12:54:06','2020-09-14 12:54:06',NULL),
(651,19,'','201701090110','2020-09-14 13:02:24','2020-09-14 13:02:24',NULL),
(652,19,'','201701090140','2020-09-14 13:03:54','2020-09-14 13:03:54',NULL),
(653,19,'','201701090105','2020-09-14 13:15:21','2020-09-14 13:15:21',NULL),
(654,19,'','201701090134','2020-09-14 13:16:31','2020-09-14 13:16:31',NULL),
(655,19,'','201701090116','2020-09-14 13:17:14','2020-09-14 13:17:14',NULL),
(656,19,'','201701090102','2020-09-14 13:18:39','2020-09-14 13:18:39',NULL),
(657,19,'','201701090107','2020-09-14 13:29:42','2020-09-14 13:29:42',NULL),
(658,19,'','201701090101','2020-09-14 13:35:29','2020-09-14 13:35:29',NULL),
(659,19,'','201701090111','2020-09-14 13:58:10','2020-09-14 13:58:10',NULL),
(660,19,'','201701090104','2020-09-14 14:01:52','2020-09-14 14:01:52',NULL),
(661,19,'','201701090201','2020-09-14 14:43:21','2020-09-14 14:43:21',NULL),
(662,19,'','201701090145','2020-09-14 14:55:26','2020-09-14 14:55:26',NULL),
(663,19,'','201601090105','2020-09-14 15:33:51','2020-09-14 15:33:51',NULL),
(664,19,'','201701090115','2020-09-14 16:33:24','2020-09-14 16:33:24',NULL),
(665,19,'','201701090149','2020-09-14 16:41:29','2020-09-14 16:41:29',NULL),
(666,19,'','201701090147','2020-09-14 17:19:25','2020-09-14 17:19:25',NULL),
(667,19,'','201701090119','2020-09-14 17:55:01','2020-09-14 17:55:01',NULL),
(668,19,'','201701090139','2020-09-14 18:11:48','2020-09-14 18:11:48',NULL),
(669,19,'','201701090144','2020-09-14 18:21:45','2020-09-14 18:21:45',NULL),
(670,19,'','201701090106','2020-09-14 20:05:47','2020-09-14 20:05:47',NULL),
(671,19,'','201701090143','2020-09-14 20:24:02','2020-09-14 20:24:02',NULL),
(672,19,'','201701090137','2020-09-14 21:31:08','2020-09-14 21:31:08',NULL),
(673,19,'','201701090150','2020-09-14 23:35:14','2020-09-14 23:35:14',NULL),
(674,19,'','201701090109','2020-09-15 09:29:37','2020-09-15 09:29:37',NULL),
(675,19,'','201701090123','2020-09-15 09:51:19','2020-09-15 09:51:19',NULL),
(676,19,'','201701090114','2020-09-15 09:53:34','2020-09-15 09:53:34',NULL),
(677,19,'','201701090117','2020-09-15 10:02:26','2020-09-15 10:02:26',NULL),
(678,19,'','201701090112','2020-09-15 10:08:25','2020-09-15 10:08:25',NULL),
(679,20,'','201701090147','2020-09-15 10:17:23','2020-09-15 10:17:23',NULL),
(680,20,'','201701090110','2020-09-15 10:28:05','2020-09-15 10:28:05',NULL),
(681,20,'','201701090116','2020-09-15 10:28:54','2020-09-15 10:28:54',NULL),
(682,19,'','18890024363','2020-09-15 12:28:52','2020-09-15 12:28:52',NULL),
(683,20,'','20170109011','2020-09-15 13:07:41','2020-09-15 13:07:41',NULL),
(684,19,'','201701090152','2020-09-15 13:58:43','2020-09-15 13:58:43',NULL),
(685,19,'','201701090125','2020-09-15 14:03:43','2020-09-15 14:03:43',NULL),
(686,20,'','201701090150','2020-09-15 14:03:54','2020-09-15 14:03:54',NULL),
(687,20,'','201701090117','2020-09-15 14:36:48','2020-09-15 14:36:48',NULL),
(688,19,'','201701090122','2020-09-15 15:03:01','2020-09-15 15:03:01',NULL),
(689,19,'','201701090127','2020-09-15 15:40:06','2020-09-15 15:40:06',NULL),
(690,19,'','201701090118','2020-09-15 15:47:42','2020-09-15 15:47:42',NULL),
(691,19,'','201701090126','2020-09-15 16:12:49','2020-09-15 16:12:49',NULL),
(692,19,'','201701090103','2020-09-15 16:35:05','2020-09-15 16:35:05',NULL),
(693,20,'','201701090149','2020-09-15 17:40:13','2020-09-15 17:40:13',NULL),
(694,20,'','201701090113','2020-09-15 20:15:29','2020-09-15 20:15:29',NULL),
(695,20,'','201701090112','2020-09-16 08:55:33','2020-09-16 08:55:33',NULL),
(696,20,'','201701090115','2020-09-16 09:28:59','2020-09-16 09:28:59',NULL),
(697,19,'','201701090128','2020-09-16 10:20:10','2020-09-16 10:20:10',NULL),
(698,20,'','201701090145','2020-09-16 11:31:11','2020-09-16 11:31:11',NULL),
(699,20,'','201701090114','2020-09-16 12:15:19','2020-09-16 12:15:19',NULL),
(700,20,'','201701090140','2020-09-16 14:56:00','2020-09-16 14:56:00',NULL),
(701,20,'','201701090144','2020-09-16 15:07:22','2020-09-16 15:07:22',NULL),
(702,20,'','201701090119','2020-09-16 16:23:56','2020-09-16 16:23:56',NULL),
(703,20,'','201701090109','2020-09-16 17:34:17','2020-09-16 17:34:17',NULL),
(704,20,'','201701090151','2020-09-16 23:11:25','2020-09-16 23:11:25',NULL),
(705,20,'','201701090103','2020-09-17 21:15:34','2020-09-17 21:15:34',NULL),
(706,20,'','201701090129','2020-09-17 21:48:53','2020-09-17 21:48:53',NULL),
(707,21,'','201701090113','2020-09-21 12:22:56','2020-09-21 12:22:56',NULL),
(708,21,'','201701090153','2020-09-21 12:29:47','2020-09-21 12:29:47',NULL),
(709,21,'','201701090107','2020-09-21 12:30:03','2020-09-21 12:30:03',NULL),
(710,21,'','201701090142','2020-09-21 12:42:13','2020-09-21 12:42:13',NULL),
(711,21,'','201701090139','2020-09-21 12:45:07','2020-09-21 12:45:07',NULL),
(712,21,'','201701090137','2020-09-21 12:46:20','2020-09-21 12:46:20',NULL),
(713,21,'','201601090105','2020-09-21 13:00:23','2020-09-21 13:00:23',NULL),
(714,21,'','201701090111','2020-09-21 13:59:56','2020-09-21 13:59:56',NULL),
(715,21,'','201701090117','2020-09-21 14:11:57','2020-09-21 14:11:57',NULL),
(716,21,'','201701090150','2020-09-21 14:15:29','2020-09-21 14:15:29',NULL),
(717,21,'','201701090112','2020-09-21 14:22:19','2020-09-21 14:22:19',NULL),
(718,21,'','201701090131','2020-09-21 14:42:36','2020-09-21 14:42:36',NULL),
(719,21,'','201701090151','2020-09-21 14:45:33','2020-09-21 14:45:33',NULL),
(720,21,'','201701090140','2020-09-21 14:51:25','2020-09-21 14:51:25',NULL),
(721,21,'','201701090129','2020-09-21 14:51:49','2020-09-21 14:51:49',NULL),
(722,21,'','201701090127','2020-09-21 14:55:59','2020-09-21 14:55:59',NULL),
(723,21,'','201701090104','2020-09-21 15:01:26','2020-09-21 15:01:26',NULL),
(724,21,'','201701090125','2020-09-21 15:03:40','2020-09-21 15:03:40',NULL),
(725,21,'','201701090144','2020-09-21 15:54:27','2020-09-21 15:54:27',NULL),
(726,21,'','201701090116','2020-09-21 15:55:23','2020-09-21 15:55:23',NULL),
(727,21,'','201701090122','2020-09-21 17:59:42','2020-09-21 17:59:42',NULL),
(728,21,'','201701090143','2020-09-21 20:09:07','2020-09-21 20:09:07',NULL),
(729,21,'','201701090149','2020-09-21 22:57:48','2020-09-21 22:57:48',NULL),
(730,21,'','201701090119','2020-09-21 23:18:12','2020-09-21 23:18:12',NULL),
(731,21,'','201701090133','2020-09-22 07:57:50','2020-09-22 07:57:50',NULL),
(732,21,'','201701090114','2020-09-22 08:05:19','2020-09-22 08:05:19',NULL),
(733,21,'','201701090103','2020-09-22 09:03:22','2020-09-22 09:03:22',NULL),
(734,21,'','201701090105','2020-09-22 09:50:05','2020-09-22 09:50:05',NULL),
(735,21,'','201701090106','2020-09-22 09:54:13','2020-09-22 09:54:13',NULL),
(736,21,'','201701090201','2020-09-22 09:55:15','2020-09-22 09:55:15',NULL),
(737,21,'','201701090120','2020-09-22 10:13:39','2020-09-22 10:13:39',NULL),
(738,21,'','201701090145','2020-09-22 11:22:40','2020-09-22 11:22:40',NULL),
(739,21,'','201701090109','2020-09-22 11:31:21','2020-09-22 11:31:21',NULL),
(740,21,'','201701090115','2020-09-22 12:43:53','2020-09-22 12:43:53',NULL),
(741,21,'','201701090147','2020-09-22 12:58:51','2020-09-22 12:58:51',NULL),
(742,21,'','201701090110','2020-09-22 12:59:20','2020-09-22 12:59:20',NULL),
(743,21,'','201701090118','2020-09-22 13:03:19','2020-09-22 13:03:19',NULL),
(744,21,'','201701090123','2020-09-22 13:04:24','2020-09-22 13:04:24',NULL),
(745,21,'','201701090101','2020-09-22 13:54:42','2020-09-22 13:54:42',NULL),
(746,21,'','201701090102','2020-09-22 16:35:16','2020-09-22 16:35:16',NULL);

/*!40101 SET SQL_MODE=@OLD_SQL_MODE */;
/*!40014 SET FOREIGN_KEY_CHECKS=@OLD_FOREIGN_KEY_CHECKS */;
/*!40014 SET UNIQUE_CHECKS=@OLD_UNIQUE_CHECKS */;
/*!40111 SET SQL_NOTES=@OLD_SQL_NOTES */;
